<?xml version="1.0" encoding="UTF-8"?>
<!-- IMPORTANT: This is an internal file that has been generated
     by the Xilinx ISE software.  Any direct editing or
     changes made to this file may result in unpredictable
     behavior or data corruption.  It is strongly advised that
     users do not edit the contents of this file. -->
<DeviceUsageSummary rev="2">
<DesignStatistics TimeStamp="Sat Jan 14 12:37:01 2023"><group name="NetStatistics">
<item name="NumNets_Active" rev="2">
<attrib name="value" value="1187"/></item>
<item name="NumNets_Gnd" rev="2">
<attrib name="value" value="1"/></item>
<item name="NumNets_Vcc" rev="2">
<attrib name="value" value="1"/></item>
<item name="NumNodesOfType_Active_BOUNCEACROSS" rev="2">
<attrib name="value" value="25"/></item>
<item name="NumNodesOfType_Active_BOUNCEIN" rev="2">
<attrib name="value" value="174"/></item>
<item name="NumNodesOfType_Active_BUFGOUT" rev="2">
<attrib name="value" value="6"/></item>
<item name="NumNodesOfType_Active_BUFHINP2OUT" rev="2">
<attrib name="value" value="11"/></item>
<item name="NumNodesOfType_Active_BUFIOINP" rev="2">
<attrib name="value" value="2"/></item>
<item name="NumNodesOfType_Active_CLKPIN" rev="2">
<attrib name="value" value="222"/></item>
<item name="NumNodesOfType_Active_CLKPINFEED" rev="2">
<attrib name="value" value="27"/></item>
<item name="NumNodesOfType_Active_CNTRLPIN" rev="2">
<attrib name="value" value="251"/></item>
<item name="NumNodesOfType_Active_DOUBLE" rev="2">
<attrib name="value" value="2134"/></item>
<item name="NumNodesOfType_Active_GENERIC" rev="2">
<attrib name="value" value="54"/></item>
<item name="NumNodesOfType_Active_GLOBAL" rev="2">
<attrib name="value" value="88"/></item>
<item name="NumNodesOfType_Active_INPUT" rev="2">
<attrib name="value" value="731"/></item>
<item name="NumNodesOfType_Active_IOBIN2OUT" rev="2">
<attrib name="value" value="36"/></item>
<item name="NumNodesOfType_Active_IOBOUTPUT" rev="2">
<attrib name="value" value="37"/></item>
<item name="NumNodesOfType_Active_LUTINPUT" rev="2">
<attrib name="value" value="2863"/></item>
<item name="NumNodesOfType_Active_OUTBOUND" rev="2">
<attrib name="value" value="1186"/></item>
<item name="NumNodesOfType_Active_OUTPUT" rev="2">
<attrib name="value" value="1172"/></item>
<item name="NumNodesOfType_Active_PADINPUT" rev="2">
<attrib name="value" value="23"/></item>
<item name="NumNodesOfType_Active_PADOUTPUT" rev="2">
<attrib name="value" value="14"/></item>
<item name="NumNodesOfType_Active_PINBOUNCE" rev="2">
<attrib name="value" value="893"/></item>
<item name="NumNodesOfType_Active_PINFEED" rev="2">
<attrib name="value" value="3745"/></item>
<item name="NumNodesOfType_Active_PINFEED1" rev="2">
<attrib name="value" value="1"/></item>
<item name="NumNodesOfType_Active_PINFEED2" rev="2">
<attrib name="value" value="3"/></item>
<item name="NumNodesOfType_Active_QUAD" rev="2">
<attrib name="value" value="1655"/></item>
<item name="NumNodesOfType_Active_REGINPUT" rev="2">
<attrib name="value" value="208"/></item>
<item name="NumNodesOfType_Active_SINGLE" rev="2">
<attrib name="value" value="2573"/></item>
<item name="NumNodesOfType_Gnd_BOUNCEIN" rev="2">
<attrib name="value" value="98"/></item>
<item name="NumNodesOfType_Gnd_CLKPIN" rev="2">
<attrib name="value" value="3"/></item>
<item name="NumNodesOfType_Gnd_CNTRLPIN" rev="2">
<attrib name="value" value="4"/></item>
<item name="NumNodesOfType_Gnd_DOUBLE" rev="2">
<attrib name="value" value="14"/></item>
<item name="NumNodesOfType_Gnd_GENERIC" rev="2">
<attrib name="value" value="21"/></item>
<item name="NumNodesOfType_Gnd_HGNDOUT" rev="2">
<attrib name="value" value="77"/></item>
<item name="NumNodesOfType_Gnd_INPUT" rev="2">
<attrib name="value" value="128"/></item>
<item name="NumNodesOfType_Gnd_IOBIN2OUT" rev="2">
<attrib name="value" value="21"/></item>
<item name="NumNodesOfType_Gnd_IOBINPUT" rev="2">
<attrib name="value" value="1"/></item>
<item name="NumNodesOfType_Gnd_IOBOUTPUT" rev="2">
<attrib name="value" value="21"/></item>
<item name="NumNodesOfType_Gnd_LUTINPUT" rev="2">
<attrib name="value" value="69"/></item>
<item name="NumNodesOfType_Gnd_OUTBOUND" rev="2">
<attrib name="value" value="9"/></item>
<item name="NumNodesOfType_Gnd_OUTPUT" rev="2">
<attrib name="value" value="11"/></item>
<item name="NumNodesOfType_Gnd_PADINPUT" rev="2">
<attrib name="value" value="21"/></item>
<item name="NumNodesOfType_Gnd_PINBOUNCE" rev="2">
<attrib name="value" value="89"/></item>
<item name="NumNodesOfType_Gnd_PINFEED" rev="2">
<attrib name="value" value="209"/></item>
<item name="NumNodesOfType_Gnd_QUAD" rev="2">
<attrib name="value" value="1"/></item>
<item name="NumNodesOfType_Gnd_REGINPUT" rev="2">
<attrib name="value" value="4"/></item>
<item name="NumNodesOfType_Gnd_SINGLE" rev="2">
<attrib name="value" value="20"/></item>
<item name="NumNodesOfType_Vcc_CLKPIN" rev="2">
<attrib name="value" value="1"/></item>
<item name="NumNodesOfType_Vcc_CNTRLPIN" rev="2">
<attrib name="value" value="2"/></item>
<item name="NumNodesOfType_Vcc_GENERIC" rev="2">
<attrib name="value" value="16"/></item>
<item name="NumNodesOfType_Vcc_HVCCOUT" rev="2">
<attrib name="value" value="113"/></item>
<item name="NumNodesOfType_Vcc_INPUT" rev="2">
<attrib name="value" value="2"/></item>
<item name="NumNodesOfType_Vcc_IOBIN2OUT" rev="2">
<attrib name="value" value="17"/></item>
<item name="NumNodesOfType_Vcc_IOBOUTPUT" rev="2">
<attrib name="value" value="16"/></item>
<item name="NumNodesOfType_Vcc_KVCCOUT" rev="2">
<attrib name="value" value="31"/></item>
<item name="NumNodesOfType_Vcc_LUTINPUT" rev="2">
<attrib name="value" value="371"/></item>
<item name="NumNodesOfType_Vcc_PADINPUT" rev="2">
<attrib name="value" value="16"/></item>
<item name="NumNodesOfType_Vcc_PINBOUNCE" rev="2">
<attrib name="value" value="6"/></item>
<item name="NumNodesOfType_Vcc_PINFEED" rev="2">
<attrib name="value" value="390"/></item>
<item name="NumNodesOfType_Vcc_REGINPUT" rev="2">
<attrib name="value" value="3"/></item>
</group>
<group name="SiteStatistics">
<item name="BUFG-BUFGMUX" rev="2">
<attrib name="value" value="6"/></item>
<item name="IOB-IOBM" rev="2">
<attrib name="value" value="32"/></item>
<item name="IOB-IOBS" rev="2">
<attrib name="value" value="38"/></item>
<item name="SLICEL-SLICEM" rev="2">
<attrib name="value" value="14"/></item>
<item name="SLICEX-SLICEL" rev="2">
<attrib name="value" value="41"/></item>
<item name="SLICEX-SLICEM" rev="2">
<attrib name="value" value="26"/></item>
</group>
<group name="MiscellaneousStatistics">
<item name="AGG_BONDED_IO" rev="1">
<attrib name="value" value="70"/></item>
<item name="AGG_IO" rev="1">
<attrib name="value" value="70"/></item>
<item name="AGG_LOCED_IO" rev="1">
<attrib name="value" value="70"/></item>
<item name="AGG_SLICE" rev="1">
<attrib name="value" value="264"/></item>
<item name="NUM_BONDED_IOB" rev="1">
<attrib name="value" value="70"/></item>
<item name="NUM_BSFULL" rev="1">
<attrib name="value" value="312"/></item>
<item name="NUM_BSLUTONLY" rev="1">
<attrib name="value" value="359"/></item>
<item name="NUM_BSREGONLY" rev="1">
<attrib name="value" value="68"/></item>
<item name="NUM_BSUSED" rev="1">
<attrib name="value" value="739"/></item>
<item name="NUM_BUFG" rev="1">
<attrib name="value" value="6"/></item>
<item name="NUM_BUFIO2" rev="1">
<attrib name="value" value="1"/></item>
<item name="NUM_BUFIO2FB" rev="1">
<attrib name="value" value="1"/></item>
<item name="NUM_DCM" rev="1">
<attrib name="value" value="1"/></item>
<item name="NUM_DPRAM_O5ANDO6" rev="1">
<attrib name="value" value="64"/></item>
<item name="NUM_IOB_FF" rev="1">
<attrib name="value" value="1"/></item>
<item name="NUM_LOCED_IOB" rev="1">
<attrib name="value" value="70"/></item>
<item name="NUM_LOGIC_O5ANDO6" rev="1">
<attrib name="value" value="145"/></item>
<item name="NUM_LOGIC_O5ONLY" rev="1">
<attrib name="value" value="35"/></item>
<item name="NUM_LOGIC_O6ONLY" rev="1">
<attrib name="value" value="363"/></item>
<item name="NUM_LUT_RT_DRIVES_CARRY4" rev="1">
<attrib name="value" value="4"/></item>
<item name="NUM_LUT_RT_DRIVES_FLOP" rev="1">
<attrib name="value" value="7"/></item>
<item name="NUM_LUT_RT_EXO5" rev="1">
<attrib name="value" value="7"/></item>
<item name="NUM_LUT_RT_EXO6" rev="1">
<attrib name="value" value="4"/></item>
<item name="NUM_LUT_RT_O5" rev="1">
<attrib name="value" value="7"/></item>
<item name="NUM_LUT_RT_O6" rev="1">
<attrib name="value" value="34"/></item>
<item name="NUM_OLOGIC2" rev="1">
<attrib name="value" value="1"/></item>
<item name="NUM_RAMB16BWER" rev="1">
<attrib name="value" value="16"/></item>
<item name="NUM_SLICEL" rev="1">
<attrib name="value" value="41"/></item>
<item name="NUM_SLICEM" rev="1">
<attrib name="value" value="43"/></item>
<item name="NUM_SLICEX" rev="1">
<attrib name="value" value="180"/></item>
<item name="NUM_SLICE_CARRY4" rev="1">
<attrib name="value" value="28"/></item>
<item name="NUM_SLICE_CONTROLSET" rev="1">
<attrib name="value" value="52"/></item>
<item name="NUM_SLICE_CYINIT" rev="1">
<attrib name="value" value="933"/></item>
<item name="NUM_SLICE_F7MUX" rev="1">
<attrib name="value" value="13"/></item>
<item name="NUM_SLICE_FF" rev="1">
<attrib name="value" value="412"/></item>
<item name="NUM_SLICE_LATCHLOGIC" rev="1">
<attrib name="value" value="2"/></item>
<item name="NUM_SLICE_UNUSEDCTRL" rev="1">
<attrib name="value" value="43"/></item>
<item name="NUM_SRL_O5ANDO6" rev="1">
<attrib name="value" value="7"/></item>
<item name="NUM_SRL_O6ONLY" rev="1">
<attrib name="value" value="46"/></item>
<item name="NUM_STARTUP" rev="1">
<attrib name="value" value="1"/></item>
<item name="NUM_UNUSABLE_FF_BELS" rev="1">
<attrib name="value" value="224"/></item>
<item name="Xilinx Core c_counter_binary_v11_0, Xilinx CORE Generator 14.7" rev="1">
<attrib name="value" value="1"/></item>
<item name="Xilinx Core microblaze_mcs_v1_4, Xilinx CORE Generator 14.7" rev="1">
<attrib name="value" value="1"/></item>
</group>
</DesignStatistics>
<DeviceUsage TimeStamp="Sat Jan 14 12:37:01 2023"><group name="SiteSummary">
<item name="BUFG" rev="2">
<attrib name="total" value="1000000"/><attrib name="used" value="6"/></item>
<item name="BUFG_BUFG" rev="2">
<attrib name="total" value="1000000"/><attrib name="used" value="6"/></item>
<item name="BUFIO2" rev="2">
<attrib name="total" value="1000000"/><attrib name="used" value="1"/></item>
<item name="BUFIO2FB" rev="2">
<attrib name="total" value="1000000"/><attrib name="used" value="1"/></item>
<item name="BUFIO2FB_BUFIO2FB" rev="2">
<attrib name="total" value="1000000"/><attrib name="used" value="1"/></item>
<item name="BUFIO2_BUFIO2" rev="2">
<attrib name="total" value="1000000"/><attrib name="used" value="1"/></item>
<item name="CARRY4" rev="2">
<attrib name="total" value="1000000"/><attrib name="used" value="28"/></item>
<item name="DCM" rev="2">
<attrib name="total" value="1000000"/><attrib name="used" value="1"/></item>
<item name="DCM_DCM" rev="2">
<attrib name="total" value="1000000"/><attrib name="used" value="1"/></item>
<item name="FF_SR" rev="2">
<attrib name="total" value="1000000"/><attrib name="used" value="70"/></item>
<item name="HARD0" rev="2">
<attrib name="total" value="1000000"/><attrib name="used" value="4"/></item>
<item name="HARD1" rev="2">
<attrib name="total" value="1000000"/><attrib name="used" value="1"/></item>
<item name="INVERTER" rev="2">
<attrib name="total" value="1000000"/><attrib name="used" value="1"/></item>
<item name="IOB" rev="2">
<attrib name="total" value="1000000"/><attrib name="used" value="70"/></item>
<item name="IOB_IMUX" rev="2">
<attrib name="total" value="1000000"/><attrib name="used" value="30"/></item>
<item name="IOB_INBUF" rev="2">
<attrib name="total" value="1000000"/><attrib name="used" value="30"/></item>
<item name="IOB_OUTBUF" rev="2">
<attrib name="total" value="1000000"/><attrib name="used" value="48"/></item>
<item name="LUT5" rev="2">
<attrib name="total" value="1000000"/><attrib name="used" value="193"/></item>
<item name="LUT6" rev="2">
<attrib name="total" value="1000000"/><attrib name="used" value="537"/></item>
<item name="LUT_OR_MEM5" rev="2">
<attrib name="total" value="1000000"/><attrib name="used" value="72"/></item>
<item name="LUT_OR_MEM6" rev="2">
<attrib name="total" value="1000000"/><attrib name="used" value="126"/></item>
<item name="OLOGIC2" rev="2">
<attrib name="total" value="1000000"/><attrib name="used" value="1"/></item>
<item name="OLOGIC2_OUTFF" rev="2">
<attrib name="total" value="1000000"/><attrib name="used" value="1"/></item>
<item name="PAD" rev="2">
<attrib name="total" value="1000000"/><attrib name="used" value="70"/></item>
<item name="PULL_OR_KEEP1" rev="2">
<attrib name="total" value="1000000"/><attrib name="used" value="4"/></item>
<item name="RAMB16BWER" rev="2">
<attrib name="total" value="1000000"/><attrib name="used" value="16"/></item>
<item name="RAMB16BWER_RAMB16BWER" rev="2">
<attrib name="total" value="1000000"/><attrib name="used" value="16"/></item>
<item name="REG_SR" rev="2">
<attrib name="total" value="1000000"/><attrib name="used" value="344"/></item>
<item name="SELMUX2_1" rev="2">
<attrib name="total" value="1000000"/><attrib name="used" value="13"/></item>
<item name="SLICEL" rev="2">
<attrib name="total" value="1000000"/><attrib name="used" value="41"/></item>
<item name="SLICEM" rev="2">
<attrib name="total" value="1000000"/><attrib name="used" value="43"/></item>
<item name="SLICEX" rev="2">
<attrib name="total" value="1000000"/><attrib name="used" value="180"/></item>
<item name="STARTUP" rev="2">
<attrib name="total" value="1000000"/><attrib name="used" value="1"/></item>
<item name="STARTUP_STARTUP" rev="2">
<attrib name="total" value="1000000"/><attrib name="used" value="1"/></item>
</group>
</DeviceUsage>
<ReportConfigData TimeStamp="Sat Jan 14 12:37:01 2023"><group name="REG_SR">
<item name="CK" rev="2">
<attrib name="CK" value="342"/><attrib name="CK_INV" value="2"/></item>
<item name="LATCH_OR_FF" rev="2">
<attrib name="FF" value="342"/><attrib name="AND2L" value="2"/></item>
<item name="SRINIT" rev="2">
<attrib name="SRINIT0" value="315"/><attrib name="SRINIT1" value="29"/></item>
<item name="SYNC_ATTR" rev="2">
<attrib name="ASYNC" value="167"/><attrib name="SYNC" value="177"/></item>
</group>
<group name="LUT_OR_MEM5">
<item name="CLK" rev="2">
<attrib name="CLK" value="71"/><attrib name="CLK_INV" value="0"/></item>
<item name="LUT_OR_MEM" rev="2">
<attrib name="LUT" value="1"/><attrib name="RAM" value="71"/></item>
<item name="RAMMODE" rev="2">
<attrib name="SRL16" value="7"/><attrib name="DPRAM32" value="64"/></item>
</group>
<group name="LUT_OR_MEM6">
<item name="CLK" rev="2">
<attrib name="CLK" value="117"/><attrib name="CLK_INV" value="0"/></item>
<item name="LUT_OR_MEM" rev="2">
<attrib name="LUT" value="9"/><attrib name="RAM" value="117"/></item>
<item name="RAMMODE" rev="2">
<attrib name="SRL16" value="53"/><attrib name="DPRAM32" value="64"/></item>
</group>
<group name="SLICEL">
<item name="CLK" rev="2">
<attrib name="CLK" value="32"/><attrib name="CLK_INV" value="1"/></item>
</group>
<group name="SLICEM">
<item name="CLK" rev="2">
<attrib name="CLK" value="43"/><attrib name="CLK_INV" value="0"/></item>
</group>
<group name="IOB_OUTBUF">
<item name="DRIVEATTRBOX" rev="2">
<attrib name="12" value="48"/></item>
<item name="SLEW" rev="2">
<attrib name="SLOW" value="48"/></item>
<item name="SUSPEND" rev="2">
<attrib name="3STATE" value="48"/></item>
</group>
<group name="SLICEX">
<item name="CLK" rev="2">
<attrib name="CLK" value="145"/><attrib name="CLK_INV" value="0"/></item>
</group>
<group name="PULL_OR_KEEP1">
<item name="PULLTYPE" rev="2">
<attrib name="PULLDOWN" value="4"/></item>
</group>
<group name="BUFIO2FB_BUFIO2FB">
<item name="DIVIDE_BYPASS" rev="2">
<attrib name="TRUE" value="1"/></item>
<item name="INVERT_INPUTS" rev="2">
<attrib name="FALSE" value="1"/></item>
</group>
<group name="OLOGIC2">
<item name="CLK0" rev="2">
<attrib name="CLK0_INV" value="1"/><attrib name="CLK0" value="0"/></item>
<item name="CLK1" rev="2">
<attrib name="CLK1" value="1"/><attrib name="CLK1_INV" value="0"/></item>
</group>
<group name="RAMB16BWER">
<item name="CLKA" rev="2">
<attrib name="CLKA_INV" value="0"/><attrib name="CLKA" value="16"/></item>
<item name="CLKB" rev="2">
<attrib name="CLKB_INV" value="0"/><attrib name="CLKB" value="16"/></item>
<item name="ENA" rev="2">
<attrib name="ENA_INV" value="0"/><attrib name="ENA" value="16"/></item>
<item name="ENB" rev="2">
<attrib name="ENB_INV" value="0"/><attrib name="ENB" value="16"/></item>
<item name="RSTA" rev="2">
<attrib name="RSTA" value="16"/><attrib name="RSTA_INV" value="0"/></item>
<item name="RSTB" rev="2">
<attrib name="RSTB" value="16"/><attrib name="RSTB_INV" value="0"/></item>
<item name="WEA0" rev="2">
<attrib name="WEA0" value="16"/><attrib name="WEA0_INV" value="0"/></item>
<item name="WEA1" rev="2">
<attrib name="WEA1" value="16"/><attrib name="WEA1_INV" value="0"/></item>
<item name="WEA2" rev="2">
<attrib name="WEA2" value="16"/><attrib name="WEA2_INV" value="0"/></item>
<item name="WEA3" rev="2">
<attrib name="WEA3_INV" value="0"/><attrib name="WEA3" value="16"/></item>
<item name="WEB0" rev="2">
<attrib name="WEB0" value="16"/><attrib name="WEB0_INV" value="0"/></item>
<item name="WEB1" rev="2">
<attrib name="WEB1" value="16"/><attrib name="WEB1_INV" value="0"/></item>
<item name="WEB2" rev="2">
<attrib name="WEB2_INV" value="0"/><attrib name="WEB2" value="16"/></item>
<item name="WEB3" rev="2">
<attrib name="WEB3" value="16"/><attrib name="WEB3_INV" value="0"/></item>
</group>
<group name="BUFIO2_BUFIO2">
<item name="DIVIDE" rev="2">
<attrib name="1" value="1"/></item>
<item name="DIVIDE_BYPASS" rev="2">
<attrib name="TRUE" value="1"/></item>
<item name="I_INVERT" rev="2">
<attrib name="FALSE" value="1"/></item>
</group>
<group name="OLOGIC2_OUTFF">
<item name="CK0" rev="2">
<attrib name="CK0_INV" value="1"/><attrib name="CK0" value="0"/></item>
<item name="CK1" rev="2">
<attrib name="CK1_INV" value="0"/><attrib name="CK1" value="1"/></item>
<item name="DDR_ALIGNMENT" rev="2">
<attrib name="NONE" value="1"/></item>
<item name="OUTFFTYPE" rev="2">
<attrib name="DDR" value="1"/></item>
<item name="SRINIT_OQ" rev="2">
<attrib name="0" value="1"/></item>
<item name="SRTYPE_OQ" rev="2">
<attrib name="SYNC" value="1"/></item>
</group>
<group name="RAMB16BWER_RAMB16BWER">
<item name="CLKA" rev="2">
<attrib name="CLKA_INV" value="0"/><attrib name="CLKA" value="16"/></item>
<item name="CLKB" rev="2">
<attrib name="CLKB_INV" value="0"/><attrib name="CLKB" value="16"/></item>
<item name="DATA_WIDTH_A" rev="2">
<attrib name="2" value="16"/></item>
<item name="DATA_WIDTH_B" rev="2">
<attrib name="2" value="16"/></item>
<item name="DOA_REG" rev="2">
<attrib name="0" value="16"/></item>
<item name="DOB_REG" rev="2">
<attrib name="0" value="16"/></item>
<item name="ENA" rev="2">
<attrib name="ENA_INV" value="0"/><attrib name="ENA" value="16"/></item>
<item name="ENB" rev="2">
<attrib name="ENB_INV" value="0"/><attrib name="ENB" value="16"/></item>
<item name="EN_RSTRAM_A" rev="2">
<attrib name="TRUE" value="16"/></item>
<item name="EN_RSTRAM_B" rev="2">
<attrib name="TRUE" value="16"/></item>
<item name="RAM_MODE" rev="2">
<attrib name="TDP" value="16"/></item>
<item name="RSTA" rev="2">
<attrib name="RSTA" value="16"/><attrib name="RSTA_INV" value="0"/></item>
<item name="RSTB" rev="2">
<attrib name="RSTB" value="16"/><attrib name="RSTB_INV" value="0"/></item>
<item name="RSTTYPE" rev="2">
<attrib name="SYNC" value="16"/></item>
<item name="RST_PRIORITY_A" rev="2">
<attrib name="CE" value="16"/></item>
<item name="RST_PRIORITY_B" rev="2">
<attrib name="CE" value="16"/></item>
<item name="WEA0" rev="2">
<attrib name="WEA0" value="16"/><attrib name="WEA0_INV" value="0"/></item>
<item name="WEA1" rev="2">
<attrib name="WEA1" value="16"/><attrib name="WEA1_INV" value="0"/></item>
<item name="WEA2" rev="2">
<attrib name="WEA2" value="16"/><attrib name="WEA2_INV" value="0"/></item>
<item name="WEA3" rev="2">
<attrib name="WEA3_INV" value="0"/><attrib name="WEA3" value="16"/></item>
<item name="WEB0" rev="2">
<attrib name="WEB0" value="16"/><attrib name="WEB0_INV" value="0"/></item>
<item name="WEB1" rev="2">
<attrib name="WEB1" value="16"/><attrib name="WEB1_INV" value="0"/></item>
<item name="WEB2" rev="2">
<attrib name="WEB2_INV" value="0"/><attrib name="WEB2" value="16"/></item>
<item name="WEB3" rev="2">
<attrib name="WEB3" value="16"/><attrib name="WEB3_INV" value="0"/></item>
<item name="WRITE_MODE_A" rev="2">
<attrib name="READ_FIRST" value="16"/></item>
<item name="WRITE_MODE_B" rev="2">
<attrib name="READ_FIRST" value="16"/></item>
</group>
<group name="DCM_DCM">
<item name="CLKDV_DIVIDE" rev="2">
<attrib name="10.0" value="1"/></item>
<item name="CLKIN_DIVIDE_BY_2" rev="2">
<attrib name="TRUE" value="1"/></item>
<item name="CLKOUT_PHASE_SHIFT" rev="2">
<attrib name="NONE" value="1"/></item>
<item name="CLK_FEEDBACK" rev="2">
<attrib name="2X" value="1"/></item>
<item name="DESKEW_ADJUST" rev="2">
<attrib name="5" value="1"/></item>
<item name="DFS_FREQUENCY_MODE" rev="2">
<attrib name="LOW" value="1"/></item>
<item name="DLL_FREQUENCY_MODE" rev="2">
<attrib name="LOW" value="1"/></item>
<item name="DSS_MODE" rev="2">
<attrib name="NONE" value="1"/></item>
<item name="DUTY_CYCLE_CORRECTION" rev="2">
<attrib name="TRUE" value="1"/></item>
<item name="PSCLK" rev="2">
<attrib name="PSCLK_INV" value="0"/><attrib name="PSCLK" value="1"/></item>
<item name="PSEN" rev="2">
<attrib name="PSEN_INV" value="0"/><attrib name="PSEN" value="1"/></item>
<item name="PSINCDEC" rev="2">
<attrib name="PSINCDEC" value="1"/><attrib name="PSINCDEC_INV" value="0"/></item>
<item name="RST" rev="2">
<attrib name="RST" value="1"/><attrib name="RST_INV" value="0"/></item>
<item name="STARTUP_WAIT" rev="2">
<attrib name="FALSE" value="1"/></item>
<item name="VERY_HIGH_FREQUENCY" rev="2">
<attrib name="FALSE" value="1"/></item>
</group>
<group name="FF_SR">
<item name="CK" rev="2">
<attrib name="CK" value="70"/><attrib name="CK_INV" value="0"/></item>
<item name="SRINIT" rev="2">
<attrib name="SRINIT0" value="70"/></item>
<item name="SYNC_ATTR" rev="2">
<attrib name="ASYNC" value="49"/><attrib name="SYNC" value="21"/></item>
</group>
<group name="DCM">
<item name="PSCLK" rev="2">
<attrib name="PSCLK_INV" value="0"/><attrib name="PSCLK" value="1"/></item>
<item name="PSEN" rev="2">
<attrib name="PSEN_INV" value="0"/><attrib name="PSEN" value="1"/></item>
<item name="PSINCDEC" rev="2">
<attrib name="PSINCDEC" value="1"/><attrib name="PSINCDEC_INV" value="0"/></item>
<item name="RST" rev="2">
<attrib name="RST" value="1"/><attrib name="RST_INV" value="0"/></item>
</group>
</ReportConfigData>
<ReportPinData TimeStamp="Sat Jan 14 12:37:01 2023"><group name="BUFIO2">
<item name="DIVCLK" rev="2">
<attrib name="value" value="1"/></item>
<item name="I" rev="2">
<attrib name="value" value="1"/></item>
</group>
<group name="REG_SR">
<item name="CE" rev="2">
<attrib name="value" value="206"/></item>
<item name="CK" rev="2">
<attrib name="value" value="344"/></item>
<item name="D" rev="2">
<attrib name="value" value="344"/></item>
<item name="Q" rev="2">
<attrib name="value" value="344"/></item>
<item name="SR" rev="2">
<attrib name="value" value="179"/></item>
</group>
<group name="LUT_OR_MEM5">
<item name="A1" rev="2">
<attrib name="value" value="72"/></item>
<item name="A2" rev="2">
<attrib name="value" value="72"/></item>
<item name="A3" rev="2">
<attrib name="value" value="72"/></item>
<item name="A4" rev="2">
<attrib name="value" value="72"/></item>
<item name="A5" rev="2">
<attrib name="value" value="72"/></item>
<item name="CLK" rev="2">
<attrib name="value" value="71"/></item>
<item name="DI1" rev="2">
<attrib name="value" value="71"/></item>
<item name="O5" rev="2">
<attrib name="value" value="40"/></item>
<item name="WA1" rev="2">
<attrib name="value" value="64"/></item>
<item name="WA2" rev="2">
<attrib name="value" value="64"/></item>
<item name="WA3" rev="2">
<attrib name="value" value="64"/></item>
<item name="WA4" rev="2">
<attrib name="value" value="64"/></item>
<item name="WA5" rev="2">
<attrib name="value" value="64"/></item>
<item name="WE" rev="2">
<attrib name="value" value="71"/></item>
</group>
<group name="LUT_OR_MEM6">
<item name="A1" rev="2">
<attrib name="value" value="120"/></item>
<item name="A2" rev="2">
<attrib name="value" value="121"/></item>
<item name="A3" rev="2">
<attrib name="value" value="123"/></item>
<item name="A4" rev="2">
<attrib name="value" value="125"/></item>
<item name="A5" rev="2">
<attrib name="value" value="126"/></item>
<item name="A6" rev="2">
<attrib name="value" value="126"/></item>
<item name="CLK" rev="2">
<attrib name="value" value="117"/></item>
<item name="DI2" rev="2">
<attrib name="value" value="117"/></item>
<item name="O6" rev="2">
<attrib name="value" value="126"/></item>
<item name="WA1" rev="2">
<attrib name="value" value="64"/></item>
<item name="WA2" rev="2">
<attrib name="value" value="64"/></item>
<item name="WA3" rev="2">
<attrib name="value" value="64"/></item>
<item name="WA4" rev="2">
<attrib name="value" value="64"/></item>
<item name="WA5" rev="2">
<attrib name="value" value="64"/></item>
<item name="WA6" rev="2">
<attrib name="value" value="64"/></item>
<item name="WE" rev="2">
<attrib name="value" value="117"/></item>
</group>
<group name="SLICEL">
<item name="A" rev="2">
<attrib name="value" value="12"/></item>
<item name="A1" rev="2">
<attrib name="value" value="4"/></item>
<item name="A2" rev="2">
<attrib name="value" value="16"/></item>
<item name="A3" rev="2">
<attrib name="value" value="24"/></item>
<item name="A4" rev="2">
<attrib name="value" value="33"/></item>
<item name="A5" rev="2">
<attrib name="value" value="30"/></item>
<item name="A6" rev="2">
<attrib name="value" value="38"/></item>
<item name="AMUX" rev="2">
<attrib name="value" value="16"/></item>
<item name="AQ" rev="2">
<attrib name="value" value="11"/></item>
<item name="AX" rev="2">
<attrib name="value" value="9"/></item>
<item name="B" rev="2">
<attrib name="value" value="7"/></item>
<item name="B1" rev="2">
<attrib name="value" value="5"/></item>
<item name="B2" rev="2">
<attrib name="value" value="15"/></item>
<item name="B3" rev="2">
<attrib name="value" value="20"/></item>
<item name="B4" rev="2">
<attrib name="value" value="28"/></item>
<item name="B5" rev="2">
<attrib name="value" value="24"/></item>
<item name="B6" rev="2">
<attrib name="value" value="31"/></item>
<item name="BMUX" rev="2">
<attrib name="value" value="16"/></item>
<item name="BQ" rev="2">
<attrib name="value" value="13"/></item>
<item name="BX" rev="2">
<attrib name="value" value="6"/></item>
<item name="C" rev="2">
<attrib name="value" value="1"/></item>
<item name="C1" rev="2">
<attrib name="value" value="16"/></item>
<item name="C2" rev="2">
<attrib name="value" value="25"/></item>
<item name="C3" rev="2">
<attrib name="value" value="25"/></item>
<item name="C4" rev="2">
<attrib name="value" value="33"/></item>
<item name="C5" rev="2">
<attrib name="value" value="29"/></item>
<item name="C6" rev="2">
<attrib name="value" value="37"/></item>
<item name="CE" rev="2">
<attrib name="value" value="21"/></item>
<item name="CIN" rev="2">
<attrib name="value" value="20"/></item>
<item name="CLK" rev="2">
<attrib name="value" value="33"/></item>
<item name="CMUX" rev="2">
<attrib name="value" value="15"/></item>
<item name="COUT" rev="2">
<attrib name="value" value="20"/></item>
<item name="CQ" rev="2">
<attrib name="value" value="23"/></item>
<item name="CX" rev="2">
<attrib name="value" value="19"/></item>
<item name="D" rev="2">
<attrib name="value" value="3"/></item>
<item name="D1" rev="2">
<attrib name="value" value="16"/></item>
<item name="D2" rev="2">
<attrib name="value" value="26"/></item>
<item name="D3" rev="2">
<attrib name="value" value="26"/></item>
<item name="D4" rev="2">
<attrib name="value" value="35"/></item>
<item name="D5" rev="2">
<attrib name="value" value="33"/></item>
<item name="D6" rev="2">
<attrib name="value" value="38"/></item>
<item name="DMUX" rev="2">
<attrib name="value" value="16"/></item>
<item name="DQ" rev="2">
<attrib name="value" value="15"/></item>
<item name="DX" rev="2">
<attrib name="value" value="5"/></item>
<item name="SR" rev="2">
<attrib name="value" value="11"/></item>
</group>
<group name="SLICEM">
<item name="A" rev="2">
<attrib name="value" value="42"/></item>
<item name="A1" rev="2">
<attrib name="value" value="42"/></item>
<item name="A2" rev="2">
<attrib name="value" value="42"/></item>
<item name="A3" rev="2">
<attrib name="value" value="42"/></item>
<item name="A4" rev="2">
<attrib name="value" value="42"/></item>
<item name="A5" rev="2">
<attrib name="value" value="42"/></item>
<item name="A6" rev="2">
<attrib name="value" value="42"/></item>
<item name="AI" rev="2">
<attrib name="value" value="42"/></item>
<item name="AMUX" rev="2">
<attrib name="value" value="17"/></item>
<item name="AQ" rev="2">
<attrib name="value" value="19"/></item>
<item name="AX" rev="2">
<attrib name="value" value="2"/></item>
<item name="B" rev="2">
<attrib name="value" value="31"/></item>
<item name="B1" rev="2">
<attrib name="value" value="31"/></item>
<item name="B2" rev="2">
<attrib name="value" value="31"/></item>
<item name="B3" rev="2">
<attrib name="value" value="31"/></item>
<item name="B4" rev="2">
<attrib name="value" value="31"/></item>
<item name="B5" rev="2">
<attrib name="value" value="31"/></item>
<item name="B6" rev="2">
<attrib name="value" value="31"/></item>
<item name="BI" rev="2">
<attrib name="value" value="30"/></item>
<item name="BMUX" rev="2">
<attrib name="value" value="19"/></item>
<item name="BQ" rev="2">
<attrib name="value" value="7"/></item>
<item name="BX" rev="2">
<attrib name="value" value="18"/></item>
<item name="C" rev="2">
<attrib name="value" value="26"/></item>
<item name="C1" rev="2">
<attrib name="value" value="23"/></item>
<item name="C2" rev="2">
<attrib name="value" value="23"/></item>
<item name="C3" rev="2">
<attrib name="value" value="24"/></item>
<item name="C4" rev="2">
<attrib name="value" value="25"/></item>
<item name="C5" rev="2">
<attrib name="value" value="26"/></item>
<item name="C6" rev="2">
<attrib name="value" value="26"/></item>
<item name="CE" rev="2">
<attrib name="value" value="43"/></item>
<item name="CI" rev="2">
<attrib name="value" value="22"/></item>
<item name="CLK" rev="2">
<attrib name="value" value="43"/></item>
<item name="CMUX" rev="2">
<attrib name="value" value="2"/></item>
<item name="CQ" rev="2">
<attrib name="value" value="8"/></item>
<item name="CX" rev="2">
<attrib name="value" value="19"/></item>
<item name="D" rev="2">
<attrib name="value" value="27"/></item>
<item name="D1" rev="2">
<attrib name="value" value="25"/></item>
<item name="D2" rev="2">
<attrib name="value" value="26"/></item>
<item name="D3" rev="2">
<attrib name="value" value="27"/></item>
<item name="D4" rev="2">
<attrib name="value" value="27"/></item>
<item name="D5" rev="2">
<attrib name="value" value="27"/></item>
<item name="D6" rev="2">
<attrib name="value" value="27"/></item>
<item name="DI" rev="2">
<attrib name="value" value="23"/></item>
<item name="DMUX" rev="2">
<attrib name="value" value="2"/></item>
<item name="DQ" rev="2">
<attrib name="value" value="9"/></item>
<item name="DX" rev="2">
<attrib name="value" value="18"/></item>
<item name="SR" rev="2">
<attrib name="value" value="9"/></item>
<item name="WE" rev="2">
<attrib name="value" value="10"/></item>
</group>
<group name="IOB_OUTBUF">
<item name="IN" rev="2">
<attrib name="value" value="48"/></item>
<item name="OUT" rev="2">
<attrib name="value" value="48"/></item>
<item name="TRI" rev="2">
<attrib name="value" value="12"/></item>
</group>
<group name="SLICEX">
<item name="A" rev="2">
<attrib name="value" value="92"/></item>
<item name="A1" rev="2">
<attrib name="value" value="81"/></item>
<item name="A2" rev="2">
<attrib name="value" value="114"/></item>
<item name="A3" rev="2">
<attrib name="value" value="124"/></item>
<item name="A4" rev="2">
<attrib name="value" value="139"/></item>
<item name="A5" rev="2">
<attrib name="value" value="143"/></item>
<item name="A6" rev="2">
<attrib name="value" value="143"/></item>
<item name="AMUX" rev="2">
<attrib name="value" value="34"/></item>
<item name="AQ" rev="2">
<attrib name="value" value="102"/></item>
<item name="AX" rev="2">
<attrib name="value" value="42"/></item>
<item name="B" rev="2">
<attrib name="value" value="88"/></item>
<item name="B1" rev="2">
<attrib name="value" value="69"/></item>
<item name="B2" rev="2">
<attrib name="value" value="88"/></item>
<item name="B3" rev="2">
<attrib name="value" value="93"/></item>
<item name="B4" rev="2">
<attrib name="value" value="103"/></item>
<item name="B5" rev="2">
<attrib name="value" value="109"/></item>
<item name="B6" rev="2">
<attrib name="value" value="110"/></item>
<item name="BMUX" rev="2">
<attrib name="value" value="38"/></item>
<item name="BQ" rev="2">
<attrib name="value" value="55"/></item>
<item name="BX" rev="2">
<attrib name="value" value="28"/></item>
<item name="C" rev="2">
<attrib name="value" value="57"/></item>
<item name="C1" rev="2">
<attrib name="value" value="34"/></item>
<item name="C2" rev="2">
<attrib name="value" value="42"/></item>
<item name="C3" rev="2">
<attrib name="value" value="58"/></item>
<item name="C4" rev="2">
<attrib name="value" value="69"/></item>
<item name="C5" rev="2">
<attrib name="value" value="72"/></item>
<item name="C6" rev="2">
<attrib name="value" value="71"/></item>
<item name="CE" rev="2">
<attrib name="value" value="90"/></item>
<item name="CLK" rev="2">
<attrib name="value" value="145"/></item>
<item name="CMUX" rev="2">
<attrib name="value" value="20"/></item>
<item name="CQ" rev="2">
<attrib name="value" value="41"/></item>
<item name="CX" rev="2">
<attrib name="value" value="24"/></item>
<item name="D" rev="2">
<attrib name="value" value="51"/></item>
<item name="D1" rev="2">
<attrib name="value" value="28"/></item>
<item name="D2" rev="2">
<attrib name="value" value="33"/></item>
<item name="D3" rev="2">
<attrib name="value" value="39"/></item>
<item name="D4" rev="2">
<attrib name="value" value="62"/></item>
<item name="D5" rev="2">
<attrib name="value" value="65"/></item>
<item name="D6" rev="2">
<attrib name="value" value="63"/></item>
<item name="DMUX" rev="2">
<attrib name="value" value="15"/></item>
<item name="DQ" rev="2">
<attrib name="value" value="41"/></item>
<item name="DX" rev="2">
<attrib name="value" value="25"/></item>
<item name="SR" rev="2">
<attrib name="value" value="78"/></item>
</group>
<group name="BUFG_BUFG">
<item name="I0" rev="2">
<attrib name="value" value="6"/></item>
<item name="O" rev="2">
<attrib name="value" value="6"/></item>
</group>
<group name="PULL_OR_KEEP1">
<item name="PAD" rev="2">
<attrib name="value" value="4"/></item>
</group>
<group name="PAD">
<item name="PAD" rev="2">
<attrib name="value" value="70"/></item>
</group>
<group name="BUFIO2FB">
<item name="I" rev="2">
<attrib name="value" value="1"/></item>
<item name="O" rev="2">
<attrib name="value" value="1"/></item>
</group>
<group name="BUFIO2FB_BUFIO2FB">
<item name="I" rev="2">
<attrib name="value" value="1"/></item>
<item name="O" rev="2">
<attrib name="value" value="1"/></item>
</group>
<group name="IOB_INBUF">
<item name="OUT" rev="2">
<attrib name="value" value="30"/></item>
<item name="PAD" rev="2">
<attrib name="value" value="30"/></item>
</group>
<group name="OLOGIC2">
<item name="CLK0" rev="2">
<attrib name="value" value="1"/></item>
<item name="CLK1" rev="2">
<attrib name="value" value="1"/></item>
<item name="D1" rev="2">
<attrib name="value" value="1"/></item>
<item name="D2" rev="2">
<attrib name="value" value="1"/></item>
<item name="OCE" rev="2">
<attrib name="value" value="1"/></item>
<item name="OQ" rev="2">
<attrib name="value" value="1"/></item>
<item name="SR" rev="2">
<attrib name="value" value="1"/></item>
</group>
<group name="RAMB16BWER">
<item name="ADDRA1" rev="2">
<attrib name="value" value="16"/></item>
<item name="ADDRA10" rev="2">
<attrib name="value" value="16"/></item>
<item name="ADDRA11" rev="2">
<attrib name="value" value="16"/></item>
<item name="ADDRA12" rev="2">
<attrib name="value" value="16"/></item>
<item name="ADDRA13" rev="2">
<attrib name="value" value="16"/></item>
<item name="ADDRA2" rev="2">
<attrib name="value" value="16"/></item>
<item name="ADDRA3" rev="2">
<attrib name="value" value="16"/></item>
<item name="ADDRA4" rev="2">
<attrib name="value" value="16"/></item>
<item name="ADDRA5" rev="2">
<attrib name="value" value="16"/></item>
<item name="ADDRA6" rev="2">
<attrib name="value" value="16"/></item>
<item name="ADDRA7" rev="2">
<attrib name="value" value="16"/></item>
<item name="ADDRA8" rev="2">
<attrib name="value" value="16"/></item>
<item name="ADDRA9" rev="2">
<attrib name="value" value="16"/></item>
<item name="ADDRB1" rev="2">
<attrib name="value" value="16"/></item>
<item name="ADDRB10" rev="2">
<attrib name="value" value="16"/></item>
<item name="ADDRB11" rev="2">
<attrib name="value" value="16"/></item>
<item name="ADDRB12" rev="2">
<attrib name="value" value="16"/></item>
<item name="ADDRB13" rev="2">
<attrib name="value" value="16"/></item>
<item name="ADDRB2" rev="2">
<attrib name="value" value="16"/></item>
<item name="ADDRB3" rev="2">
<attrib name="value" value="16"/></item>
<item name="ADDRB4" rev="2">
<attrib name="value" value="16"/></item>
<item name="ADDRB5" rev="2">
<attrib name="value" value="16"/></item>
<item name="ADDRB6" rev="2">
<attrib name="value" value="16"/></item>
<item name="ADDRB7" rev="2">
<attrib name="value" value="16"/></item>
<item name="ADDRB8" rev="2">
<attrib name="value" value="16"/></item>
<item name="ADDRB9" rev="2">
<attrib name="value" value="16"/></item>
<item name="CLKA" rev="2">
<attrib name="value" value="16"/></item>
<item name="CLKB" rev="2">
<attrib name="value" value="16"/></item>
<item name="DIA0" rev="2">
<attrib name="value" value="16"/></item>
<item name="DIA1" rev="2">
<attrib name="value" value="16"/></item>
<item name="DIB0" rev="2">
<attrib name="value" value="16"/></item>
<item name="DIB1" rev="2">
<attrib name="value" value="16"/></item>
<item name="DOA0" rev="2">
<attrib name="value" value="16"/></item>
<item name="DOA1" rev="2">
<attrib name="value" value="16"/></item>
<item name="DOB0" rev="2">
<attrib name="value" value="16"/></item>
<item name="DOB1" rev="2">
<attrib name="value" value="16"/></item>
<item name="ENA" rev="2">
<attrib name="value" value="16"/></item>
<item name="ENB" rev="2">
<attrib name="value" value="16"/></item>
<item name="RSTA" rev="2">
<attrib name="value" value="16"/></item>
<item name="RSTB" rev="2">
<attrib name="value" value="16"/></item>
<item name="WEA0" rev="2">
<attrib name="value" value="16"/></item>
<item name="WEA1" rev="2">
<attrib name="value" value="16"/></item>
<item name="WEA2" rev="2">
<attrib name="value" value="16"/></item>
<item name="WEA3" rev="2">
<attrib name="value" value="16"/></item>
<item name="WEB0" rev="2">
<attrib name="value" value="16"/></item>
<item name="WEB1" rev="2">
<attrib name="value" value="16"/></item>
<item name="WEB2" rev="2">
<attrib name="value" value="16"/></item>
<item name="WEB3" rev="2">
<attrib name="value" value="16"/></item>
</group>
<group name="CARRY4">
<item name="CIN" rev="2">
<attrib name="value" value="20"/></item>
<item name="CO0" rev="2">
<attrib name="value" value="4"/></item>
<item name="CO1" rev="2">
<attrib name="value" value="2"/></item>
<item name="CO2" rev="2">
<attrib name="value" value="2"/></item>
<item name="CO3" rev="2">
<attrib name="value" value="21"/></item>
<item name="CYINIT" rev="2">
<attrib name="value" value="8"/></item>
<item name="DI0" rev="2">
<attrib name="value" value="26"/></item>
<item name="DI1" rev="2">
<attrib name="value" value="25"/></item>
<item name="DI2" rev="2">
<attrib name="value" value="23"/></item>
<item name="DI3" rev="2">
<attrib name="value" value="20"/></item>
<item name="O0" rev="2">
<attrib name="value" value="19"/></item>
<item name="O1" rev="2">
<attrib name="value" value="20"/></item>
<item name="O2" rev="2">
<attrib name="value" value="19"/></item>
<item name="O3" rev="2">
<attrib name="value" value="18"/></item>
<item name="S0" rev="2">
<attrib name="value" value="28"/></item>
<item name="S1" rev="2">
<attrib name="value" value="25"/></item>
<item name="S2" rev="2">
<attrib name="value" value="24"/></item>
<item name="S3" rev="2">
<attrib name="value" value="23"/></item>
</group>
<group name="BUFIO2_BUFIO2">
<item name="DIVCLK" rev="2">
<attrib name="value" value="1"/></item>
<item name="I" rev="2">
<attrib name="value" value="1"/></item>
</group>
<group name="OLOGIC2_OUTFF">
<item name="CE" rev="2">
<attrib name="value" value="1"/></item>
<item name="CK0" rev="2">
<attrib name="value" value="1"/></item>
<item name="CK1" rev="2">
<attrib name="value" value="1"/></item>
<item name="D1" rev="2">
<attrib name="value" value="1"/></item>
<item name="D2" rev="2">
<attrib name="value" value="1"/></item>
<item name="Q" rev="2">
<attrib name="value" value="1"/></item>
<item name="SR" rev="2">
<attrib name="value" value="1"/></item>
</group>
<group name="LUT5">
<item name="A1" rev="2">
<attrib name="value" value="72"/></item>
<item name="A2" rev="2">
<attrib name="value" value="133"/></item>
<item name="A3" rev="2">
<attrib name="value" value="111"/></item>
<item name="A4" rev="2">
<attrib name="value" value="61"/></item>
<item name="A5" rev="2">
<attrib name="value" value="54"/></item>
<item name="O5" rev="2">
<attrib name="value" value="193"/></item>
</group>
<group name="LUT6">
<item name="A1" rev="2">
<attrib name="value" value="211"/></item>
<item name="A2" rev="2">
<attrib name="value" value="311"/></item>
<item name="A3" rev="2">
<attrib name="value" value="393"/></item>
<item name="A4" rev="2">
<attrib name="value" value="499"/></item>
<item name="A5" rev="2">
<attrib name="value" value="497"/></item>
<item name="A6" rev="2">
<attrib name="value" value="531"/></item>
<item name="O6" rev="2">
<attrib name="value" value="537"/></item>
</group>
<group name="RAMB16BWER_RAMB16BWER">
<item name="ADDRA1" rev="2">
<attrib name="value" value="16"/></item>
<item name="ADDRA10" rev="2">
<attrib name="value" value="16"/></item>
<item name="ADDRA11" rev="2">
<attrib name="value" value="16"/></item>
<item name="ADDRA12" rev="2">
<attrib name="value" value="16"/></item>
<item name="ADDRA13" rev="2">
<attrib name="value" value="16"/></item>
<item name="ADDRA2" rev="2">
<attrib name="value" value="16"/></item>
<item name="ADDRA3" rev="2">
<attrib name="value" value="16"/></item>
<item name="ADDRA4" rev="2">
<attrib name="value" value="16"/></item>
<item name="ADDRA5" rev="2">
<attrib name="value" value="16"/></item>
<item name="ADDRA6" rev="2">
<attrib name="value" value="16"/></item>
<item name="ADDRA7" rev="2">
<attrib name="value" value="16"/></item>
<item name="ADDRA8" rev="2">
<attrib name="value" value="16"/></item>
<item name="ADDRA9" rev="2">
<attrib name="value" value="16"/></item>
<item name="ADDRB1" rev="2">
<attrib name="value" value="16"/></item>
<item name="ADDRB10" rev="2">
<attrib name="value" value="16"/></item>
<item name="ADDRB11" rev="2">
<attrib name="value" value="16"/></item>
<item name="ADDRB12" rev="2">
<attrib name="value" value="16"/></item>
<item name="ADDRB13" rev="2">
<attrib name="value" value="16"/></item>
<item name="ADDRB2" rev="2">
<attrib name="value" value="16"/></item>
<item name="ADDRB3" rev="2">
<attrib name="value" value="16"/></item>
<item name="ADDRB4" rev="2">
<attrib name="value" value="16"/></item>
<item name="ADDRB5" rev="2">
<attrib name="value" value="16"/></item>
<item name="ADDRB6" rev="2">
<attrib name="value" value="16"/></item>
<item name="ADDRB7" rev="2">
<attrib name="value" value="16"/></item>
<item name="ADDRB8" rev="2">
<attrib name="value" value="16"/></item>
<item name="ADDRB9" rev="2">
<attrib name="value" value="16"/></item>
<item name="CLKA" rev="2">
<attrib name="value" value="16"/></item>
<item name="CLKB" rev="2">
<attrib name="value" value="16"/></item>
<item name="DIA0" rev="2">
<attrib name="value" value="16"/></item>
<item name="DIA1" rev="2">
<attrib name="value" value="16"/></item>
<item name="DIB0" rev="2">
<attrib name="value" value="16"/></item>
<item name="DIB1" rev="2">
<attrib name="value" value="16"/></item>
<item name="DOA0" rev="2">
<attrib name="value" value="16"/></item>
<item name="DOA1" rev="2">
<attrib name="value" value="16"/></item>
<item name="DOB0" rev="2">
<attrib name="value" value="16"/></item>
<item name="DOB1" rev="2">
<attrib name="value" value="16"/></item>
<item name="ENA" rev="2">
<attrib name="value" value="16"/></item>
<item name="ENB" rev="2">
<attrib name="value" value="16"/></item>
<item name="RSTA" rev="2">
<attrib name="value" value="16"/></item>
<item name="RSTB" rev="2">
<attrib name="value" value="16"/></item>
<item name="WEA0" rev="2">
<attrib name="value" value="16"/></item>
<item name="WEA1" rev="2">
<attrib name="value" value="16"/></item>
<item name="WEA2" rev="2">
<attrib name="value" value="16"/></item>
<item name="WEA3" rev="2">
<attrib name="value" value="16"/></item>
<item name="WEB0" rev="2">
<attrib name="value" value="16"/></item>
<item name="WEB1" rev="2">
<attrib name="value" value="16"/></item>
<item name="WEB2" rev="2">
<attrib name="value" value="16"/></item>
<item name="WEB3" rev="2">
<attrib name="value" value="16"/></item>
</group>
<group name="STARTUP_STARTUP">
<item name="CLK" rev="2">
<attrib name="value" value="1"/></item>
<item name="GSR" rev="2">
<attrib name="value" value="1"/></item>
<item name="GTS" rev="2">
<attrib name="value" value="1"/></item>
<item name="KEYCLEARB" rev="2">
<attrib name="value" value="1"/></item>
</group>
<group name="SELMUX2_1">
<item name="0" rev="2">
<attrib name="value" value="13"/></item>
<item name="1" rev="2">
<attrib name="value" value="13"/></item>
<item name="OUT" rev="2">
<attrib name="value" value="13"/></item>
<item name="S0" rev="2">
<attrib name="value" value="13"/></item>
</group>
<group name="STARTUP">
<item name="CLK" rev="2">
<attrib name="value" value="1"/></item>
<item name="GSR" rev="2">
<attrib name="value" value="1"/></item>
<item name="GTS" rev="2">
<attrib name="value" value="1"/></item>
<item name="KEYCLEARB" rev="2">
<attrib name="value" value="1"/></item>
</group>
<group name="INVERTER">
<item name="IN" rev="2">
<attrib name="value" value="1"/></item>
<item name="OUT" rev="2">
<attrib name="value" value="1"/></item>
</group>
<group name="IOB_IMUX">
<item name="I" rev="2">
<attrib name="value" value="29"/></item>
<item name="I_B" rev="2">
<attrib name="value" value="1"/></item>
<item name="OUT" rev="2">
<attrib name="value" value="30"/></item>
</group>
<group name="IOB">
<item name="I" rev="2">
<attrib name="value" value="30"/></item>
<item name="O" rev="2">
<attrib name="value" value="48"/></item>
<item name="PAD" rev="2">
<attrib name="value" value="70"/></item>
<item name="T" rev="2">
<attrib name="value" value="12"/></item>
</group>
<group name="DCM_DCM">
<item name="CLK2X" rev="2">
<attrib name="value" value="1"/></item>
<item name="CLKFB" rev="2">
<attrib name="value" value="1"/></item>
<item name="CLKFX" rev="2">
<attrib name="value" value="1"/></item>
<item name="CLKIN" rev="2">
<attrib name="value" value="1"/></item>
<item name="LOCKED" rev="2">
<attrib name="value" value="1"/></item>
<item name="PSCLK" rev="2">
<attrib name="value" value="1"/></item>
<item name="PSEN" rev="2">
<attrib name="value" value="1"/></item>
<item name="PSINCDEC" rev="2">
<attrib name="value" value="1"/></item>
<item name="RST" rev="2">
<attrib name="value" value="1"/></item>
</group>
<group name="HARD0">
<item name="0" rev="2">
<attrib name="value" value="4"/></item>
</group>
<group name="HARD1">
<item name="1" rev="2">
<attrib name="value" value="1"/></item>
</group>
<group name="FF_SR">
<item name="CE" rev="2">
<attrib name="value" value="54"/></item>
<item name="CK" rev="2">
<attrib name="value" value="70"/></item>
<item name="D" rev="2">
<attrib name="value" value="70"/></item>
<item name="Q" rev="2">
<attrib name="value" value="70"/></item>
<item name="SR" rev="2">
<attrib name="value" value="21"/></item>
</group>
<group name="BUFG">
<item name="I0" rev="2">
<attrib name="value" value="6"/></item>
<item name="O" rev="2">
<attrib name="value" value="6"/></item>
</group>
<group name="DCM">
<item name="CLK2X" rev="2">
<attrib name="value" value="1"/></item>
<item name="CLKFB" rev="2">
<attrib name="value" value="1"/></item>
<item name="CLKFX" rev="2">
<attrib name="value" value="1"/></item>
<item name="CLKIN" rev="2">
<attrib name="value" value="1"/></item>
<item name="LOCKED" rev="2">
<attrib name="value" value="1"/></item>
<item name="PSCLK" rev="2">
<attrib name="value" value="1"/></item>
<item name="PSEN" rev="2">
<attrib name="value" value="1"/></item>
<item name="PSINCDEC" rev="2">
<attrib name="value" value="1"/></item>
<item name="RST" rev="2">
<attrib name="value" value="1"/></item>
</group>
</ReportPinData>
<CmdHistory>
</CmdHistory>
</DeviceUsageSummary>
