<?xml version="1.0" encoding="UTF-8"?>
<!-- IMPORTANT: This is an internal file that has been generated
     by the Xilinx ISE software.  Any direct editing or
     changes made to this file may result in unpredictable
     behavior or data corruption.  It is strongly advised that
     users do not edit the contents of this file. -->
<DeviceUsageSummary rev="14">
<DesignStatistics TimeStamp="Tue Jan 10 19:35:42 2023"><group name="NetStatistics">
<item name="NumNets_Active" rev="14">
<attrib name="value" value="2001"/></item>
<item name="NumNets_Gnd" rev="14">
<attrib name="value" value="1"/></item>
<item name="NumNets_Vcc" rev="14">
<attrib name="value" value="1"/></item>
<item name="NumNodesOfType_Active_BOUNCEACROSS" rev="14">
<attrib name="value" value="30"/></item>
<item name="NumNodesOfType_Active_BOUNCEIN" rev="14">
<attrib name="value" value="292"/></item>
<item name="NumNodesOfType_Active_BUFGOUT" rev="14">
<attrib name="value" value="7"/></item>
<item name="NumNodesOfType_Active_BUFHINP2OUT" rev="14">
<attrib name="value" value="16"/></item>
<item name="NumNodesOfType_Active_BUFIOINP" rev="14">
<attrib name="value" value="2"/></item>
<item name="NumNodesOfType_Active_CLKPIN" rev="14">
<attrib name="value" value="370"/></item>
<item name="NumNodesOfType_Active_CLKPINFEED" rev="14">
<attrib name="value" value="36"/></item>
<item name="NumNodesOfType_Active_CNTRLPIN" rev="14">
<attrib name="value" value="382"/></item>
<item name="NumNodesOfType_Active_DOUBLE" rev="14">
<attrib name="value" value="3038"/></item>
<item name="NumNodesOfType_Active_GENERIC" rev="14">
<attrib name="value" value="70"/></item>
<item name="NumNodesOfType_Active_GLOBAL" rev="14">
<attrib name="value" value="132"/></item>
<item name="NumNodesOfType_Active_INPUT" rev="14">
<attrib name="value" value="774"/></item>
<item name="NumNodesOfType_Active_IOBIN2OUT" rev="14">
<attrib name="value" value="52"/></item>
<item name="NumNodesOfType_Active_IOBOUTPUT" rev="14">
<attrib name="value" value="52"/></item>
<item name="NumNodesOfType_Active_LUTINPUT" rev="14">
<attrib name="value" value="4761"/></item>
<item name="NumNodesOfType_Active_OUTBOUND" rev="14">
<attrib name="value" value="2018"/></item>
<item name="NumNodesOfType_Active_OUTPUT" rev="14">
<attrib name="value" value="2006"/></item>
<item name="NumNodesOfType_Active_PADINPUT" rev="14">
<attrib name="value" value="37"/></item>
<item name="NumNodesOfType_Active_PADOUTPUT" rev="14">
<attrib name="value" value="15"/></item>
<item name="NumNodesOfType_Active_PINBOUNCE" rev="14">
<attrib name="value" value="1497"/></item>
<item name="NumNodesOfType_Active_PINFEED" rev="14">
<attrib name="value" value="5891"/></item>
<item name="NumNodesOfType_Active_PINFEED1" rev="14">
<attrib name="value" value="1"/></item>
<item name="NumNodesOfType_Active_PINFEED2" rev="14">
<attrib name="value" value="4"/></item>
<item name="NumNodesOfType_Active_QUAD" rev="14">
<attrib name="value" value="2084"/></item>
<item name="NumNodesOfType_Active_REGINPUT" rev="14">
<attrib name="value" value="521"/></item>
<item name="NumNodesOfType_Active_SINGLE" rev="14">
<attrib name="value" value="3835"/></item>
<item name="NumNodesOfType_Gnd_BOUNCEACROSS" rev="14">
<attrib name="value" value="1"/></item>
<item name="NumNodesOfType_Gnd_BOUNCEIN" rev="14">
<attrib name="value" value="109"/></item>
<item name="NumNodesOfType_Gnd_CLKPIN" rev="14">
<attrib name="value" value="3"/></item>
<item name="NumNodesOfType_Gnd_CNTRLPIN" rev="14">
<attrib name="value" value="4"/></item>
<item name="NumNodesOfType_Gnd_DOUBLE" rev="14">
<attrib name="value" value="16"/></item>
<item name="NumNodesOfType_Gnd_GENERIC" rev="14">
<attrib name="value" value="19"/></item>
<item name="NumNodesOfType_Gnd_HGNDOUT" rev="14">
<attrib name="value" value="78"/></item>
<item name="NumNodesOfType_Gnd_INPUT" rev="14">
<attrib name="value" value="226"/></item>
<item name="NumNodesOfType_Gnd_IOBIN2OUT" rev="14">
<attrib name="value" value="19"/></item>
<item name="NumNodesOfType_Gnd_IOBINPUT" rev="14">
<attrib name="value" value="1"/></item>
<item name="NumNodesOfType_Gnd_IOBOUTPUT" rev="14">
<attrib name="value" value="19"/></item>
<item name="NumNodesOfType_Gnd_LUTINPUT" rev="14">
<attrib name="value" value="61"/></item>
<item name="NumNodesOfType_Gnd_OUTBOUND" rev="14">
<attrib name="value" value="16"/></item>
<item name="NumNodesOfType_Gnd_OUTPUT" rev="14">
<attrib name="value" value="22"/></item>
<item name="NumNodesOfType_Gnd_PADINPUT" rev="14">
<attrib name="value" value="19"/></item>
<item name="NumNodesOfType_Gnd_PINBOUNCE" rev="14">
<attrib name="value" value="105"/></item>
<item name="NumNodesOfType_Gnd_PINFEED" rev="14">
<attrib name="value" value="285"/></item>
<item name="NumNodesOfType_Gnd_REGINPUT" rev="14">
<attrib name="value" value="4"/></item>
<item name="NumNodesOfType_Gnd_SINGLE" rev="14">
<attrib name="value" value="18"/></item>
<item name="NumNodesOfType_Vcc_CLKPIN" rev="14">
<attrib name="value" value="1"/></item>
<item name="NumNodesOfType_Vcc_CNTRLPIN" rev="14">
<attrib name="value" value="2"/></item>
<item name="NumNodesOfType_Vcc_GENERIC" rev="14">
<attrib name="value" value="4"/></item>
<item name="NumNodesOfType_Vcc_HVCCOUT" rev="14">
<attrib name="value" value="157"/></item>
<item name="NumNodesOfType_Vcc_INPUT" rev="14">
<attrib name="value" value="3"/></item>
<item name="NumNodesOfType_Vcc_IOBIN2OUT" rev="14">
<attrib name="value" value="5"/></item>
<item name="NumNodesOfType_Vcc_IOBOUTPUT" rev="14">
<attrib name="value" value="4"/></item>
<item name="NumNodesOfType_Vcc_KVCCOUT" rev="14">
<attrib name="value" value="29"/></item>
<item name="NumNodesOfType_Vcc_LUTINPUT" rev="14">
<attrib name="value" value="464"/></item>
<item name="NumNodesOfType_Vcc_PADINPUT" rev="14">
<attrib name="value" value="4"/></item>
<item name="NumNodesOfType_Vcc_PINBOUNCE" rev="14">
<attrib name="value" value="6"/></item>
<item name="NumNodesOfType_Vcc_PINFEED" rev="14">
<attrib name="value" value="472"/></item>
<item name="NumNodesOfType_Vcc_REGINPUT" rev="14">
<attrib name="value" value="3"/></item>
</group>
<group name="SiteStatistics">
<item name="BUFG-BUFGMUX" rev="14">
<attrib name="value" value="7"/></item>
<item name="IOB-IOBM" rev="14">
<attrib name="value" value="30"/></item>
<item name="IOB-IOBS" rev="14">
<attrib name="value" value="36"/></item>
<item name="SLICEL-SLICEM" rev="14">
<attrib name="value" value="25"/></item>
<item name="SLICEX-SLICEL" rev="14">
<attrib name="value" value="72"/></item>
<item name="SLICEX-SLICEM" rev="14">
<attrib name="value" value="83"/></item>
</group>
<group name="MiscellaneousStatistics">
<item name="AGG_BONDED_IO" rev="13">
<attrib name="value" value="66"/></item>
<item name="AGG_IO" rev="13">
<attrib name="value" value="66"/></item>
<item name="AGG_LOCED_IO" rev="13">
<attrib name="value" value="66"/></item>
<item name="AGG_SLICE" rev="13">
<attrib name="value" value="477"/></item>
<item name="NUM_BONDED_IOB" rev="13">
<attrib name="value" value="66"/></item>
<item name="NUM_BSFULL" rev="13">
<attrib name="value" value="609"/></item>
<item name="NUM_BSLUTONLY" rev="13">
<attrib name="value" value="527"/></item>
<item name="NUM_BSREGONLY" rev="13">
<attrib name="value" value="257"/></item>
<item name="NUM_BSUSED" rev="13">
<attrib name="value" value="1393"/></item>
<item name="NUM_BUFG" rev="13">
<attrib name="value" value="7"/></item>
<item name="NUM_BUFIO2" rev="13">
<attrib name="value" value="1"/></item>
<item name="NUM_BUFIO2FB" rev="13">
<attrib name="value" value="1"/></item>
<item name="NUM_DCM" rev="13">
<attrib name="value" value="1"/></item>
<item name="NUM_DPRAM_O5ANDO6" rev="13">
<attrib name="value" value="64"/></item>
<item name="NUM_DSP48A1" rev="13">
<attrib name="value" value="1"/></item>
<item name="NUM_ILOGIC2" rev="13">
<attrib name="value" value="1"/></item>
<item name="NUM_IOB_FF" rev="13">
<attrib name="value" value="2"/></item>
<item name="NUM_LOCED_IOB" rev="13">
<attrib name="value" value="66"/></item>
<item name="NUM_LOGIC_O5ANDO6" rev="13">
<attrib name="value" value="190"/></item>
<item name="NUM_LOGIC_O5ONLY" rev="13">
<attrib name="value" value="82"/></item>
<item name="NUM_LOGIC_O6ONLY" rev="13">
<attrib name="value" value="734"/></item>
<item name="NUM_LUT_RT_DRIVES_CARRY4" rev="13">
<attrib name="value" value="7"/></item>
<item name="NUM_LUT_RT_DRIVES_FLOP" rev="13">
<attrib name="value" value="9"/></item>
<item name="NUM_LUT_RT_EXO5" rev="13">
<attrib name="value" value="9"/></item>
<item name="NUM_LUT_RT_EXO6" rev="13">
<attrib name="value" value="7"/></item>
<item name="NUM_LUT_RT_O5" rev="13">
<attrib name="value" value="18"/></item>
<item name="NUM_LUT_RT_O6" rev="13">
<attrib name="value" value="81"/></item>
<item name="NUM_OLOGIC2" rev="13">
<attrib name="value" value="1"/></item>
<item name="NUM_RAMB16BWER" rev="13">
<attrib name="value" value="16"/></item>
<item name="NUM_SLICEL" rev="13">
<attrib name="value" value="72"/></item>
<item name="NUM_SLICEM" rev="13">
<attrib name="value" value="41"/></item>
<item name="NUM_SLICEX" rev="13">
<attrib name="value" value="364"/></item>
<item name="NUM_SLICE_CARRY4" rev="13">
<attrib name="value" value="51"/></item>
<item name="NUM_SLICE_CONTROLSET" rev="13">
<attrib name="value" value="91"/></item>
<item name="NUM_SLICE_CYINIT" rev="13">
<attrib name="value" value="1504"/></item>
<item name="NUM_SLICE_F7MUX" rev="13">
<attrib name="value" value="21"/></item>
<item name="NUM_SLICE_FF" rev="13">
<attrib name="value" value="914"/></item>
<item name="NUM_SLICE_LATCHLOGIC" rev="13">
<attrib name="value" value="2"/></item>
<item name="NUM_SLICE_UNUSEDCTRL" rev="13">
<attrib name="value" value="109"/></item>
<item name="NUM_SRL_O5ANDO6" rev="13">
<attrib name="value" value="7"/></item>
<item name="NUM_SRL_O6ONLY" rev="13">
<attrib name="value" value="43"/></item>
<item name="NUM_STARTUP" rev="13">
<attrib name="value" value="1"/></item>
<item name="NUM_UNUSABLE_FF_BELS" rev="13">
<attrib name="value" value="333"/></item>
<item name="Xilinx Core c_addsub_v11_0, Xilinx CORE Generator 14.7" rev="13">
<attrib name="value" value="2"/></item>
<item name="Xilinx Core c_counter_binary_v11_0, Xilinx CORE Generator 14.4" rev="13">
<attrib name="value" value="1"/></item>
<item name="Xilinx Core c_counter_binary_v11_0, Xilinx CORE Generator 14.7" rev="13">
<attrib name="value" value="1"/></item>
<item name="Xilinx Core microblaze_mcs_v1_4, Xilinx CORE Generator 14.7" rev="13">
<attrib name="value" value="1"/></item>
<item name="Xilinx Core mult_gen_v11_2, Xilinx CORE Generator 14.7" rev="13">
<attrib name="value" value="1"/></item>
</group>
</DesignStatistics>
<DeviceUsage TimeStamp="Tue Jan 10 19:35:42 2023"><group name="SiteSummary">
<item name="BUFG" rev="14">
<attrib name="total" value="1000000"/><attrib name="used" value="7"/></item>
<item name="BUFG_BUFG" rev="14">
<attrib name="total" value="1000000"/><attrib name="used" value="7"/></item>
<item name="BUFIO2" rev="14">
<attrib name="total" value="1000000"/><attrib name="used" value="1"/></item>
<item name="BUFIO2FB" rev="14">
<attrib name="total" value="1000000"/><attrib name="used" value="1"/></item>
<item name="BUFIO2FB_BUFIO2FB" rev="14">
<attrib name="total" value="1000000"/><attrib name="used" value="1"/></item>
<item name="BUFIO2_BUFIO2" rev="14">
<attrib name="total" value="1000000"/><attrib name="used" value="1"/></item>
<item name="CARRY4" rev="14">
<attrib name="total" value="1000000"/><attrib name="used" value="51"/></item>
<item name="DCM" rev="14">
<attrib name="total" value="1000000"/><attrib name="used" value="1"/></item>
<item name="DCM_DCM" rev="14">
<attrib name="total" value="1000000"/><attrib name="used" value="1"/></item>
<item name="DSP48A1" rev="14">
<attrib name="total" value="1000000"/><attrib name="used" value="1"/></item>
<item name="DSP48A1_DSP48A1" rev="14">
<attrib name="total" value="1000000"/><attrib name="used" value="1"/></item>
<item name="FF_SR" rev="14">
<attrib name="total" value="1000000"/><attrib name="used" value="90"/></item>
<item name="HARD0" rev="14">
<attrib name="total" value="1000000"/><attrib name="used" value="8"/></item>
<item name="HARD1" rev="14">
<attrib name="total" value="1000000"/><attrib name="used" value="1"/></item>
<item name="ILOGIC2" rev="14">
<attrib name="total" value="1000000"/><attrib name="used" value="1"/></item>
<item name="ILOGIC2_IFF" rev="14">
<attrib name="total" value="1000000"/><attrib name="used" value="1"/></item>
<item name="INVERTER" rev="14">
<attrib name="total" value="1000000"/><attrib name="used" value="1"/></item>
<item name="IOB" rev="14">
<attrib name="total" value="1000000"/><attrib name="used" value="66"/></item>
<item name="IOB_IMUX" rev="14">
<attrib name="total" value="1000000"/><attrib name="used" value="26"/></item>
<item name="IOB_INBUF" rev="14">
<attrib name="total" value="1000000"/><attrib name="used" value="26"/></item>
<item name="IOB_OUTBUF" rev="14">
<attrib name="total" value="1000000"/><attrib name="used" value="48"/></item>
<item name="LUT5" rev="14">
<attrib name="total" value="1000000"/><attrib name="used" value="297"/></item>
<item name="LUT6" rev="14">
<attrib name="total" value="1000000"/><attrib name="used" value="998"/></item>
<item name="LUT_OR_MEM5" rev="14">
<attrib name="total" value="1000000"/><attrib name="used" value="73"/></item>
<item name="LUT_OR_MEM6" rev="14">
<attrib name="total" value="1000000"/><attrib name="used" value="128"/></item>
<item name="OLOGIC2" rev="14">
<attrib name="total" value="1000000"/><attrib name="used" value="1"/></item>
<item name="OLOGIC2_OUTFF" rev="14">
<attrib name="total" value="1000000"/><attrib name="used" value="1"/></item>
<item name="PAD" rev="14">
<attrib name="total" value="1000000"/><attrib name="used" value="66"/></item>
<item name="PULL_OR_KEEP1" rev="14">
<attrib name="total" value="1000000"/><attrib name="used" value="4"/></item>
<item name="RAMB16BWER" rev="14">
<attrib name="total" value="1000000"/><attrib name="used" value="16"/></item>
<item name="RAMB16BWER_RAMB16BWER" rev="14">
<attrib name="total" value="1000000"/><attrib name="used" value="16"/></item>
<item name="REG_SR" rev="14">
<attrib name="total" value="1000000"/><attrib name="used" value="826"/></item>
<item name="SELMUX2_1" rev="14">
<attrib name="total" value="1000000"/><attrib name="used" value="22"/></item>
<item name="SLICEL" rev="14">
<attrib name="total" value="1000000"/><attrib name="used" value="72"/></item>
<item name="SLICEM" rev="14">
<attrib name="total" value="1000000"/><attrib name="used" value="41"/></item>
<item name="SLICEX" rev="14">
<attrib name="total" value="1000000"/><attrib name="used" value="364"/></item>
<item name="STARTUP" rev="14">
<attrib name="total" value="1000000"/><attrib name="used" value="1"/></item>
<item name="STARTUP_STARTUP" rev="14">
<attrib name="total" value="1000000"/><attrib name="used" value="1"/></item>
</group>
</DeviceUsage>
<ReportConfigData TimeStamp="Tue Jan 10 19:35:42 2023"><group name="DSP48A1">
<item name="CEA" rev="14">
<attrib name="CEA_INV" value="0"/><attrib name="CEA" value="1"/></item>
<item name="CEB" rev="14">
<attrib name="CEB_INV" value="0"/><attrib name="CEB" value="1"/></item>
<item name="CEC" rev="14">
<attrib name="CEC" value="1"/><attrib name="CEC_INV" value="0"/></item>
<item name="CECARRYIN" rev="14">
<attrib name="CECARRYIN_INV" value="0"/><attrib name="CECARRYIN" value="1"/></item>
<item name="CED" rev="14">
<attrib name="CED_INV" value="0"/><attrib name="CED" value="1"/></item>
<item name="CEM" rev="14">
<attrib name="CEM_INV" value="0"/><attrib name="CEM" value="1"/></item>
<item name="CEOPMODE" rev="14">
<attrib name="CEOPMODE_INV" value="0"/><attrib name="CEOPMODE" value="1"/></item>
<item name="CEP" rev="14">
<attrib name="CEP" value="1"/><attrib name="CEP_INV" value="0"/></item>
<item name="CLK" rev="14">
<attrib name="CLK" value="1"/><attrib name="CLK_INV" value="0"/></item>
<item name="RSTA" rev="14">
<attrib name="RSTA" value="1"/><attrib name="RSTA_INV" value="0"/></item>
<item name="RSTB" rev="14">
<attrib name="RSTB" value="1"/><attrib name="RSTB_INV" value="0"/></item>
<item name="RSTC" rev="14">
<attrib name="RSTC_INV" value="0"/><attrib name="RSTC" value="1"/></item>
<item name="RSTCARRYIN" rev="14">
<attrib name="RSTCARRYIN_INV" value="0"/><attrib name="RSTCARRYIN" value="1"/></item>
<item name="RSTD" rev="14">
<attrib name="RSTD_INV" value="0"/><attrib name="RSTD" value="1"/></item>
<item name="RSTM" rev="14">
<attrib name="RSTM" value="1"/><attrib name="RSTM_INV" value="0"/></item>
<item name="RSTOPMODE" rev="14">
<attrib name="RSTOPMODE_INV" value="0"/><attrib name="RSTOPMODE" value="1"/></item>
<item name="RSTP" rev="14">
<attrib name="RSTP_INV" value="0"/><attrib name="RSTP" value="1"/></item>
</group>
<group name="REG_SR">
<item name="CK" rev="14">
<attrib name="CK" value="824"/><attrib name="CK_INV" value="2"/></item>
<item name="LATCH_OR_FF" rev="14">
<attrib name="FF" value="824"/><attrib name="AND2L" value="2"/></item>
<item name="SRINIT" rev="14">
<attrib name="SRINIT0" value="795"/><attrib name="SRINIT1" value="31"/></item>
<item name="SYNC_ATTR" rev="14">
<attrib name="ASYNC" value="383"/><attrib name="SYNC" value="443"/></item>
</group>
<group name="LUT_OR_MEM5">
<item name="CLK" rev="14">
<attrib name="CLK" value="71"/><attrib name="CLK_INV" value="0"/></item>
<item name="LUT_OR_MEM" rev="14">
<attrib name="LUT" value="2"/><attrib name="RAM" value="71"/></item>
<item name="RAMMODE" rev="14">
<attrib name="SRL16" value="7"/><attrib name="DPRAM32" value="64"/></item>
</group>
<group name="LUT_OR_MEM6">
<item name="CLK" rev="14">
<attrib name="CLK" value="114"/><attrib name="CLK_INV" value="0"/></item>
<item name="LUT_OR_MEM" rev="14">
<attrib name="LUT" value="14"/><attrib name="RAM" value="114"/></item>
<item name="RAMMODE" rev="14">
<attrib name="SRL16" value="50"/><attrib name="DPRAM32" value="64"/></item>
</group>
<group name="DSP48A1_DSP48A1">
<item name="A0REG" rev="14">
<attrib name="0" value="1"/></item>
<item name="A1REG" rev="14">
<attrib name="0" value="1"/></item>
<item name="B0REG" rev="14">
<attrib name="0" value="1"/></item>
<item name="B1REG" rev="14">
<attrib name="0" value="1"/></item>
<item name="B_INPUT" rev="14">
<attrib name="DIRECT" value="1"/></item>
<item name="CARRYINREG" rev="14">
<attrib name="0" value="1"/></item>
<item name="CARRYINSEL" rev="14">
<attrib name="OPMODE5" value="1"/></item>
<item name="CARRYOUTREG" rev="14">
<attrib name="0" value="1"/></item>
<item name="CEA" rev="14">
<attrib name="CEA_INV" value="0"/><attrib name="CEA" value="1"/></item>
<item name="CEB" rev="14">
<attrib name="CEB_INV" value="0"/><attrib name="CEB" value="1"/></item>
<item name="CEC" rev="14">
<attrib name="CEC" value="1"/><attrib name="CEC_INV" value="0"/></item>
<item name="CECARRYIN" rev="14">
<attrib name="CECARRYIN_INV" value="0"/><attrib name="CECARRYIN" value="1"/></item>
<item name="CED" rev="14">
<attrib name="CED_INV" value="0"/><attrib name="CED" value="1"/></item>
<item name="CEM" rev="14">
<attrib name="CEM_INV" value="0"/><attrib name="CEM" value="1"/></item>
<item name="CEOPMODE" rev="14">
<attrib name="CEOPMODE_INV" value="0"/><attrib name="CEOPMODE" value="1"/></item>
<item name="CEP" rev="14">
<attrib name="CEP" value="1"/><attrib name="CEP_INV" value="0"/></item>
<item name="CLK" rev="14">
<attrib name="CLK" value="1"/><attrib name="CLK_INV" value="0"/></item>
<item name="CREG" rev="14">
<attrib name="0" value="1"/></item>
<item name="DREG" rev="14">
<attrib name="0" value="1"/></item>
<item name="MREG" rev="14">
<attrib name="1" value="1"/></item>
<item name="OPMODEREG" rev="14">
<attrib name="0" value="1"/></item>
<item name="PREG" rev="14">
<attrib name="0" value="1"/></item>
<item name="RSTA" rev="14">
<attrib name="RSTA" value="1"/><attrib name="RSTA_INV" value="0"/></item>
<item name="RSTB" rev="14">
<attrib name="RSTB" value="1"/><attrib name="RSTB_INV" value="0"/></item>
<item name="RSTC" rev="14">
<attrib name="RSTC_INV" value="0"/><attrib name="RSTC" value="1"/></item>
<item name="RSTCARRYIN" rev="14">
<attrib name="RSTCARRYIN_INV" value="0"/><attrib name="RSTCARRYIN" value="1"/></item>
<item name="RSTD" rev="14">
<attrib name="RSTD_INV" value="0"/><attrib name="RSTD" value="1"/></item>
<item name="RSTM" rev="14">
<attrib name="RSTM" value="1"/><attrib name="RSTM_INV" value="0"/></item>
<item name="RSTOPMODE" rev="14">
<attrib name="RSTOPMODE_INV" value="0"/><attrib name="RSTOPMODE" value="1"/></item>
<item name="RSTP" rev="14">
<attrib name="RSTP_INV" value="0"/><attrib name="RSTP" value="1"/></item>
<item name="RSTTYPE" rev="14">
<attrib name="SYNC" value="1"/></item>
</group>
<group name="SLICEL">
<item name="CLK" rev="14">
<attrib name="CLK" value="53"/><attrib name="CLK_INV" value="1"/></item>
</group>
<group name="SLICEM">
<item name="CLK" rev="14">
<attrib name="CLK" value="41"/><attrib name="CLK_INV" value="0"/></item>
</group>
<group name="IOB_OUTBUF">
<item name="DRIVEATTRBOX" rev="14">
<attrib name="12" value="48"/></item>
<item name="SLEW" rev="14">
<attrib name="SLOW" value="48"/></item>
<item name="SUSPEND" rev="14">
<attrib name="3STATE" value="48"/></item>
</group>
<group name="SLICEX">
<item name="CLK" rev="14">
<attrib name="CLK" value="273"/><attrib name="CLK_INV" value="0"/></item>
</group>
<group name="PULL_OR_KEEP1">
<item name="PULLTYPE" rev="14">
<attrib name="PULLDOWN" value="4"/></item>
</group>
<group name="ILOGIC2_IFF">
<item name="CLK0" rev="14">
<attrib name="CLK0_INV" value="0"/><attrib name="CLK0" value="1"/></item>
<item name="IFFTYPE" rev="14">
<attrib name="FF" value="1"/></item>
<item name="SRINIT_Q" rev="14">
<attrib name="0" value="1"/></item>
</group>
<group name="BUFIO2FB_BUFIO2FB">
<item name="DIVIDE_BYPASS" rev="14">
<attrib name="TRUE" value="1"/></item>
<item name="INVERT_INPUTS" rev="14">
<attrib name="FALSE" value="1"/></item>
</group>
<group name="OLOGIC2">
<item name="CLK0" rev="14">
<attrib name="CLK0_INV" value="1"/><attrib name="CLK0" value="0"/></item>
<item name="CLK1" rev="14">
<attrib name="CLK1" value="1"/><attrib name="CLK1_INV" value="0"/></item>
</group>
<group name="RAMB16BWER">
<item name="CLKA" rev="14">
<attrib name="CLKA_INV" value="0"/><attrib name="CLKA" value="16"/></item>
<item name="CLKB" rev="14">
<attrib name="CLKB_INV" value="0"/><attrib name="CLKB" value="16"/></item>
<item name="ENA" rev="14">
<attrib name="ENA_INV" value="0"/><attrib name="ENA" value="16"/></item>
<item name="ENB" rev="14">
<attrib name="ENB_INV" value="0"/><attrib name="ENB" value="16"/></item>
<item name="RSTA" rev="14">
<attrib name="RSTA" value="16"/><attrib name="RSTA_INV" value="0"/></item>
<item name="RSTB" rev="14">
<attrib name="RSTB" value="16"/><attrib name="RSTB_INV" value="0"/></item>
<item name="WEA0" rev="14">
<attrib name="WEA0" value="16"/><attrib name="WEA0_INV" value="0"/></item>
<item name="WEA1" rev="14">
<attrib name="WEA1" value="16"/><attrib name="WEA1_INV" value="0"/></item>
<item name="WEA2" rev="14">
<attrib name="WEA2" value="16"/><attrib name="WEA2_INV" value="0"/></item>
<item name="WEA3" rev="14">
<attrib name="WEA3_INV" value="0"/><attrib name="WEA3" value="16"/></item>
<item name="WEB0" rev="14">
<attrib name="WEB0" value="16"/><attrib name="WEB0_INV" value="0"/></item>
<item name="WEB1" rev="14">
<attrib name="WEB1" value="16"/><attrib name="WEB1_INV" value="0"/></item>
<item name="WEB2" rev="14">
<attrib name="WEB2_INV" value="0"/><attrib name="WEB2" value="16"/></item>
<item name="WEB3" rev="14">
<attrib name="WEB3" value="16"/><attrib name="WEB3_INV" value="0"/></item>
</group>
<group name="BUFIO2_BUFIO2">
<item name="DIVIDE" rev="14">
<attrib name="1" value="1"/></item>
<item name="DIVIDE_BYPASS" rev="14">
<attrib name="TRUE" value="1"/></item>
<item name="I_INVERT" rev="14">
<attrib name="FALSE" value="1"/></item>
</group>
<group name="OLOGIC2_OUTFF">
<item name="CK0" rev="14">
<attrib name="CK0_INV" value="1"/><attrib name="CK0" value="0"/></item>
<item name="CK1" rev="14">
<attrib name="CK1_INV" value="0"/><attrib name="CK1" value="1"/></item>
<item name="DDR_ALIGNMENT" rev="14">
<attrib name="NONE" value="1"/></item>
<item name="OUTFFTYPE" rev="14">
<attrib name="DDR" value="1"/></item>
<item name="SRINIT_OQ" rev="14">
<attrib name="0" value="1"/></item>
<item name="SRTYPE_OQ" rev="14">
<attrib name="SYNC" value="1"/></item>
</group>
<group name="RAMB16BWER_RAMB16BWER">
<item name="CLKA" rev="14">
<attrib name="CLKA_INV" value="0"/><attrib name="CLKA" value="16"/></item>
<item name="CLKB" rev="14">
<attrib name="CLKB_INV" value="0"/><attrib name="CLKB" value="16"/></item>
<item name="DATA_WIDTH_A" rev="14">
<attrib name="2" value="16"/></item>
<item name="DATA_WIDTH_B" rev="14">
<attrib name="2" value="16"/></item>
<item name="DOA_REG" rev="14">
<attrib name="0" value="16"/></item>
<item name="DOB_REG" rev="14">
<attrib name="0" value="16"/></item>
<item name="ENA" rev="14">
<attrib name="ENA_INV" value="0"/><attrib name="ENA" value="16"/></item>
<item name="ENB" rev="14">
<attrib name="ENB_INV" value="0"/><attrib name="ENB" value="16"/></item>
<item name="EN_RSTRAM_A" rev="14">
<attrib name="TRUE" value="16"/></item>
<item name="EN_RSTRAM_B" rev="14">
<attrib name="TRUE" value="16"/></item>
<item name="RAM_MODE" rev="14">
<attrib name="TDP" value="16"/></item>
<item name="RSTA" rev="14">
<attrib name="RSTA" value="16"/><attrib name="RSTA_INV" value="0"/></item>
<item name="RSTB" rev="14">
<attrib name="RSTB" value="16"/><attrib name="RSTB_INV" value="0"/></item>
<item name="RSTTYPE" rev="14">
<attrib name="SYNC" value="16"/></item>
<item name="RST_PRIORITY_A" rev="14">
<attrib name="CE" value="16"/></item>
<item name="RST_PRIORITY_B" rev="14">
<attrib name="CE" value="16"/></item>
<item name="WEA0" rev="14">
<attrib name="WEA0" value="16"/><attrib name="WEA0_INV" value="0"/></item>
<item name="WEA1" rev="14">
<attrib name="WEA1" value="16"/><attrib name="WEA1_INV" value="0"/></item>
<item name="WEA2" rev="14">
<attrib name="WEA2" value="16"/><attrib name="WEA2_INV" value="0"/></item>
<item name="WEA3" rev="14">
<attrib name="WEA3_INV" value="0"/><attrib name="WEA3" value="16"/></item>
<item name="WEB0" rev="14">
<attrib name="WEB0" value="16"/><attrib name="WEB0_INV" value="0"/></item>
<item name="WEB1" rev="14">
<attrib name="WEB1" value="16"/><attrib name="WEB1_INV" value="0"/></item>
<item name="WEB2" rev="14">
<attrib name="WEB2_INV" value="0"/><attrib name="WEB2" value="16"/></item>
<item name="WEB3" rev="14">
<attrib name="WEB3" value="16"/><attrib name="WEB3_INV" value="0"/></item>
<item name="WRITE_MODE_A" rev="14">
<attrib name="READ_FIRST" value="16"/></item>
<item name="WRITE_MODE_B" rev="14">
<attrib name="READ_FIRST" value="16"/></item>
</group>
<group name="ILOGIC2">
<item name="CLK0" rev="14">
<attrib name="CLK0_INV" value="0"/><attrib name="CLK0" value="1"/></item>
</group>
<group name="DCM_DCM">
<item name="CLKDV_DIVIDE" rev="14">
<attrib name="10.0" value="1"/></item>
<item name="CLKIN_DIVIDE_BY_2" rev="14">
<attrib name="TRUE" value="1"/></item>
<item name="CLKOUT_PHASE_SHIFT" rev="14">
<attrib name="NONE" value="1"/></item>
<item name="CLK_FEEDBACK" rev="14">
<attrib name="2X" value="1"/></item>
<item name="DESKEW_ADJUST" rev="14">
<attrib name="5" value="1"/></item>
<item name="DFS_FREQUENCY_MODE" rev="14">
<attrib name="LOW" value="1"/></item>
<item name="DLL_FREQUENCY_MODE" rev="14">
<attrib name="LOW" value="1"/></item>
<item name="DSS_MODE" rev="14">
<attrib name="NONE" value="1"/></item>
<item name="DUTY_CYCLE_CORRECTION" rev="14">
<attrib name="TRUE" value="1"/></item>
<item name="PSCLK" rev="14">
<attrib name="PSCLK_INV" value="0"/><attrib name="PSCLK" value="1"/></item>
<item name="PSEN" rev="14">
<attrib name="PSEN_INV" value="0"/><attrib name="PSEN" value="1"/></item>
<item name="PSINCDEC" rev="14">
<attrib name="PSINCDEC" value="1"/><attrib name="PSINCDEC_INV" value="0"/></item>
<item name="RST" rev="14">
<attrib name="RST" value="1"/><attrib name="RST_INV" value="0"/></item>
<item name="STARTUP_WAIT" rev="14">
<attrib name="FALSE" value="1"/></item>
<item name="VERY_HIGH_FREQUENCY" rev="14">
<attrib name="FALSE" value="1"/></item>
</group>
<group name="FF_SR">
<item name="CK" rev="14">
<attrib name="CK" value="90"/><attrib name="CK_INV" value="0"/></item>
<item name="SRINIT" rev="14">
<attrib name="SRINIT0" value="89"/><attrib name="SRINIT1" value="1"/></item>
<item name="SYNC_ATTR" rev="14">
<attrib name="ASYNC" value="54"/><attrib name="SYNC" value="36"/></item>
</group>
<group name="DCM">
<item name="PSCLK" rev="14">
<attrib name="PSCLK_INV" value="0"/><attrib name="PSCLK" value="1"/></item>
<item name="PSEN" rev="14">
<attrib name="PSEN_INV" value="0"/><attrib name="PSEN" value="1"/></item>
<item name="PSINCDEC" rev="14">
<attrib name="PSINCDEC" value="1"/><attrib name="PSINCDEC_INV" value="0"/></item>
<item name="RST" rev="14">
<attrib name="RST" value="1"/><attrib name="RST_INV" value="0"/></item>
</group>
</ReportConfigData>
<ReportPinData TimeStamp="Tue Jan 10 19:35:42 2023"><group name="BUFIO2">
<item name="DIVCLK" rev="14">
<attrib name="value" value="1"/></item>
<item name="I" rev="14">
<attrib name="value" value="1"/></item>
</group>
<group name="DSP48A1">
<item name="A0" rev="14">
<attrib name="value" value="1"/></item>
<item name="A1" rev="14">
<attrib name="value" value="1"/></item>
<item name="A10" rev="14">
<attrib name="value" value="1"/></item>
<item name="A11" rev="14">
<attrib name="value" value="1"/></item>
<item name="A12" rev="14">
<attrib name="value" value="1"/></item>
<item name="A13" rev="14">
<attrib name="value" value="1"/></item>
<item name="A14" rev="14">
<attrib name="value" value="1"/></item>
<item name="A15" rev="14">
<attrib name="value" value="1"/></item>
<item name="A16" rev="14">
<attrib name="value" value="1"/></item>
<item name="A17" rev="14">
<attrib name="value" value="1"/></item>
<item name="A2" rev="14">
<attrib name="value" value="1"/></item>
<item name="A3" rev="14">
<attrib name="value" value="1"/></item>
<item name="A4" rev="14">
<attrib name="value" value="1"/></item>
<item name="A5" rev="14">
<attrib name="value" value="1"/></item>
<item name="A6" rev="14">
<attrib name="value" value="1"/></item>
<item name="A7" rev="14">
<attrib name="value" value="1"/></item>
<item name="A8" rev="14">
<attrib name="value" value="1"/></item>
<item name="A9" rev="14">
<attrib name="value" value="1"/></item>
<item name="B0" rev="14">
<attrib name="value" value="1"/></item>
<item name="B1" rev="14">
<attrib name="value" value="1"/></item>
<item name="B10" rev="14">
<attrib name="value" value="1"/></item>
<item name="B11" rev="14">
<attrib name="value" value="1"/></item>
<item name="B12" rev="14">
<attrib name="value" value="1"/></item>
<item name="B13" rev="14">
<attrib name="value" value="1"/></item>
<item name="B14" rev="14">
<attrib name="value" value="1"/></item>
<item name="B15" rev="14">
<attrib name="value" value="1"/></item>
<item name="B16" rev="14">
<attrib name="value" value="1"/></item>
<item name="B17" rev="14">
<attrib name="value" value="1"/></item>
<item name="B2" rev="14">
<attrib name="value" value="1"/></item>
<item name="B3" rev="14">
<attrib name="value" value="1"/></item>
<item name="B4" rev="14">
<attrib name="value" value="1"/></item>
<item name="B5" rev="14">
<attrib name="value" value="1"/></item>
<item name="B6" rev="14">
<attrib name="value" value="1"/></item>
<item name="B7" rev="14">
<attrib name="value" value="1"/></item>
<item name="B8" rev="14">
<attrib name="value" value="1"/></item>
<item name="B9" rev="14">
<attrib name="value" value="1"/></item>
<item name="C0" rev="14">
<attrib name="value" value="1"/></item>
<item name="C1" rev="14">
<attrib name="value" value="1"/></item>
<item name="C10" rev="14">
<attrib name="value" value="1"/></item>
<item name="C11" rev="14">
<attrib name="value" value="1"/></item>
<item name="C12" rev="14">
<attrib name="value" value="1"/></item>
<item name="C13" rev="14">
<attrib name="value" value="1"/></item>
<item name="C14" rev="14">
<attrib name="value" value="1"/></item>
<item name="C15" rev="14">
<attrib name="value" value="1"/></item>
<item name="C16" rev="14">
<attrib name="value" value="1"/></item>
<item name="C17" rev="14">
<attrib name="value" value="1"/></item>
<item name="C18" rev="14">
<attrib name="value" value="1"/></item>
<item name="C19" rev="14">
<attrib name="value" value="1"/></item>
<item name="C2" rev="14">
<attrib name="value" value="1"/></item>
<item name="C20" rev="14">
<attrib name="value" value="1"/></item>
<item name="C21" rev="14">
<attrib name="value" value="1"/></item>
<item name="C22" rev="14">
<attrib name="value" value="1"/></item>
<item name="C23" rev="14">
<attrib name="value" value="1"/></item>
<item name="C24" rev="14">
<attrib name="value" value="1"/></item>
<item name="C25" rev="14">
<attrib name="value" value="1"/></item>
<item name="C26" rev="14">
<attrib name="value" value="1"/></item>
<item name="C27" rev="14">
<attrib name="value" value="1"/></item>
<item name="C28" rev="14">
<attrib name="value" value="1"/></item>
<item name="C29" rev="14">
<attrib name="value" value="1"/></item>
<item name="C3" rev="14">
<attrib name="value" value="1"/></item>
<item name="C30" rev="14">
<attrib name="value" value="1"/></item>
<item name="C31" rev="14">
<attrib name="value" value="1"/></item>
<item name="C32" rev="14">
<attrib name="value" value="1"/></item>
<item name="C33" rev="14">
<attrib name="value" value="1"/></item>
<item name="C34" rev="14">
<attrib name="value" value="1"/></item>
<item name="C35" rev="14">
<attrib name="value" value="1"/></item>
<item name="C36" rev="14">
<attrib name="value" value="1"/></item>
<item name="C37" rev="14">
<attrib name="value" value="1"/></item>
<item name="C38" rev="14">
<attrib name="value" value="1"/></item>
<item name="C39" rev="14">
<attrib name="value" value="1"/></item>
<item name="C4" rev="14">
<attrib name="value" value="1"/></item>
<item name="C40" rev="14">
<attrib name="value" value="1"/></item>
<item name="C41" rev="14">
<attrib name="value" value="1"/></item>
<item name="C42" rev="14">
<attrib name="value" value="1"/></item>
<item name="C43" rev="14">
<attrib name="value" value="1"/></item>
<item name="C44" rev="14">
<attrib name="value" value="1"/></item>
<item name="C45" rev="14">
<attrib name="value" value="1"/></item>
<item name="C46" rev="14">
<attrib name="value" value="1"/></item>
<item name="C47" rev="14">
<attrib name="value" value="1"/></item>
<item name="C5" rev="14">
<attrib name="value" value="1"/></item>
<item name="C6" rev="14">
<attrib name="value" value="1"/></item>
<item name="C7" rev="14">
<attrib name="value" value="1"/></item>
<item name="C8" rev="14">
<attrib name="value" value="1"/></item>
<item name="C9" rev="14">
<attrib name="value" value="1"/></item>
<item name="CEA" rev="14">
<attrib name="value" value="1"/></item>
<item name="CEB" rev="14">
<attrib name="value" value="1"/></item>
<item name="CEC" rev="14">
<attrib name="value" value="1"/></item>
<item name="CECARRYIN" rev="14">
<attrib name="value" value="1"/></item>
<item name="CED" rev="14">
<attrib name="value" value="1"/></item>
<item name="CEM" rev="14">
<attrib name="value" value="1"/></item>
<item name="CEOPMODE" rev="14">
<attrib name="value" value="1"/></item>
<item name="CEP" rev="14">
<attrib name="value" value="1"/></item>
<item name="CLK" rev="14">
<attrib name="value" value="1"/></item>
<item name="D0" rev="14">
<attrib name="value" value="1"/></item>
<item name="D1" rev="14">
<attrib name="value" value="1"/></item>
<item name="D10" rev="14">
<attrib name="value" value="1"/></item>
<item name="D11" rev="14">
<attrib name="value" value="1"/></item>
<item name="D12" rev="14">
<attrib name="value" value="1"/></item>
<item name="D13" rev="14">
<attrib name="value" value="1"/></item>
<item name="D14" rev="14">
<attrib name="value" value="1"/></item>
<item name="D15" rev="14">
<attrib name="value" value="1"/></item>
<item name="D16" rev="14">
<attrib name="value" value="1"/></item>
<item name="D17" rev="14">
<attrib name="value" value="1"/></item>
<item name="D2" rev="14">
<attrib name="value" value="1"/></item>
<item name="D3" rev="14">
<attrib name="value" value="1"/></item>
<item name="D4" rev="14">
<attrib name="value" value="1"/></item>
<item name="D5" rev="14">
<attrib name="value" value="1"/></item>
<item name="D6" rev="14">
<attrib name="value" value="1"/></item>
<item name="D7" rev="14">
<attrib name="value" value="1"/></item>
<item name="D8" rev="14">
<attrib name="value" value="1"/></item>
<item name="D9" rev="14">
<attrib name="value" value="1"/></item>
<item name="M0" rev="14">
<attrib name="value" value="1"/></item>
<item name="M1" rev="14">
<attrib name="value" value="1"/></item>
<item name="M10" rev="14">
<attrib name="value" value="1"/></item>
<item name="M11" rev="14">
<attrib name="value" value="1"/></item>
<item name="M12" rev="14">
<attrib name="value" value="1"/></item>
<item name="M13" rev="14">
<attrib name="value" value="1"/></item>
<item name="M14" rev="14">
<attrib name="value" value="1"/></item>
<item name="M15" rev="14">
<attrib name="value" value="1"/></item>
<item name="M2" rev="14">
<attrib name="value" value="1"/></item>
<item name="M3" rev="14">
<attrib name="value" value="1"/></item>
<item name="M4" rev="14">
<attrib name="value" value="1"/></item>
<item name="M5" rev="14">
<attrib name="value" value="1"/></item>
<item name="M6" rev="14">
<attrib name="value" value="1"/></item>
<item name="M7" rev="14">
<attrib name="value" value="1"/></item>
<item name="M8" rev="14">
<attrib name="value" value="1"/></item>
<item name="M9" rev="14">
<attrib name="value" value="1"/></item>
<item name="OPMODE0" rev="14">
<attrib name="value" value="1"/></item>
<item name="OPMODE1" rev="14">
<attrib name="value" value="1"/></item>
<item name="OPMODE2" rev="14">
<attrib name="value" value="1"/></item>
<item name="OPMODE3" rev="14">
<attrib name="value" value="1"/></item>
<item name="OPMODE4" rev="14">
<attrib name="value" value="1"/></item>
<item name="OPMODE5" rev="14">
<attrib name="value" value="1"/></item>
<item name="OPMODE6" rev="14">
<attrib name="value" value="1"/></item>
<item name="OPMODE7" rev="14">
<attrib name="value" value="1"/></item>
<item name="RSTA" rev="14">
<attrib name="value" value="1"/></item>
<item name="RSTB" rev="14">
<attrib name="value" value="1"/></item>
<item name="RSTC" rev="14">
<attrib name="value" value="1"/></item>
<item name="RSTCARRYIN" rev="14">
<attrib name="value" value="1"/></item>
<item name="RSTD" rev="14">
<attrib name="value" value="1"/></item>
<item name="RSTM" rev="14">
<attrib name="value" value="1"/></item>
<item name="RSTOPMODE" rev="14">
<attrib name="value" value="1"/></item>
<item name="RSTP" rev="14">
<attrib name="value" value="1"/></item>
</group>
<group name="REG_SR">
<item name="CE" rev="14">
<attrib name="value" value="487"/></item>
<item name="CK" rev="14">
<attrib name="value" value="826"/></item>
<item name="D" rev="14">
<attrib name="value" value="826"/></item>
<item name="Q" rev="14">
<attrib name="value" value="826"/></item>
<item name="SR" rev="14">
<attrib name="value" value="358"/></item>
</group>
<group name="LUT_OR_MEM5">
<item name="A1" rev="14">
<attrib name="value" value="73"/></item>
<item name="A2" rev="14">
<attrib name="value" value="73"/></item>
<item name="A3" rev="14">
<attrib name="value" value="71"/></item>
<item name="A4" rev="14">
<attrib name="value" value="72"/></item>
<item name="A5" rev="14">
<attrib name="value" value="72"/></item>
<item name="CLK" rev="14">
<attrib name="value" value="71"/></item>
<item name="DI1" rev="14">
<attrib name="value" value="71"/></item>
<item name="O5" rev="14">
<attrib name="value" value="41"/></item>
<item name="WA1" rev="14">
<attrib name="value" value="64"/></item>
<item name="WA2" rev="14">
<attrib name="value" value="64"/></item>
<item name="WA3" rev="14">
<attrib name="value" value="64"/></item>
<item name="WA4" rev="14">
<attrib name="value" value="64"/></item>
<item name="WA5" rev="14">
<attrib name="value" value="64"/></item>
<item name="WE" rev="14">
<attrib name="value" value="71"/></item>
</group>
<group name="LUT_OR_MEM6">
<item name="A1" rev="14">
<attrib name="value" value="119"/></item>
<item name="A2" rev="14">
<attrib name="value" value="120"/></item>
<item name="A3" rev="14">
<attrib name="value" value="124"/></item>
<item name="A4" rev="14">
<attrib name="value" value="126"/></item>
<item name="A5" rev="14">
<attrib name="value" value="128"/></item>
<item name="A6" rev="14">
<attrib name="value" value="128"/></item>
<item name="CLK" rev="14">
<attrib name="value" value="114"/></item>
<item name="DI2" rev="14">
<attrib name="value" value="114"/></item>
<item name="O6" rev="14">
<attrib name="value" value="128"/></item>
<item name="WA1" rev="14">
<attrib name="value" value="64"/></item>
<item name="WA2" rev="14">
<attrib name="value" value="64"/></item>
<item name="WA3" rev="14">
<attrib name="value" value="64"/></item>
<item name="WA4" rev="14">
<attrib name="value" value="64"/></item>
<item name="WA5" rev="14">
<attrib name="value" value="64"/></item>
<item name="WA6" rev="14">
<attrib name="value" value="64"/></item>
<item name="WE" rev="14">
<attrib name="value" value="114"/></item>
</group>
<group name="DSP48A1_DSP48A1">
<item name="A0" rev="14">
<attrib name="value" value="1"/></item>
<item name="A1" rev="14">
<attrib name="value" value="1"/></item>
<item name="A10" rev="14">
<attrib name="value" value="1"/></item>
<item name="A11" rev="14">
<attrib name="value" value="1"/></item>
<item name="A12" rev="14">
<attrib name="value" value="1"/></item>
<item name="A13" rev="14">
<attrib name="value" value="1"/></item>
<item name="A14" rev="14">
<attrib name="value" value="1"/></item>
<item name="A15" rev="14">
<attrib name="value" value="1"/></item>
<item name="A16" rev="14">
<attrib name="value" value="1"/></item>
<item name="A17" rev="14">
<attrib name="value" value="1"/></item>
<item name="A2" rev="14">
<attrib name="value" value="1"/></item>
<item name="A3" rev="14">
<attrib name="value" value="1"/></item>
<item name="A4" rev="14">
<attrib name="value" value="1"/></item>
<item name="A5" rev="14">
<attrib name="value" value="1"/></item>
<item name="A6" rev="14">
<attrib name="value" value="1"/></item>
<item name="A7" rev="14">
<attrib name="value" value="1"/></item>
<item name="A8" rev="14">
<attrib name="value" value="1"/></item>
<item name="A9" rev="14">
<attrib name="value" value="1"/></item>
<item name="B0" rev="14">
<attrib name="value" value="1"/></item>
<item name="B1" rev="14">
<attrib name="value" value="1"/></item>
<item name="B10" rev="14">
<attrib name="value" value="1"/></item>
<item name="B11" rev="14">
<attrib name="value" value="1"/></item>
<item name="B12" rev="14">
<attrib name="value" value="1"/></item>
<item name="B13" rev="14">
<attrib name="value" value="1"/></item>
<item name="B14" rev="14">
<attrib name="value" value="1"/></item>
<item name="B15" rev="14">
<attrib name="value" value="1"/></item>
<item name="B16" rev="14">
<attrib name="value" value="1"/></item>
<item name="B17" rev="14">
<attrib name="value" value="1"/></item>
<item name="B2" rev="14">
<attrib name="value" value="1"/></item>
<item name="B3" rev="14">
<attrib name="value" value="1"/></item>
<item name="B4" rev="14">
<attrib name="value" value="1"/></item>
<item name="B5" rev="14">
<attrib name="value" value="1"/></item>
<item name="B6" rev="14">
<attrib name="value" value="1"/></item>
<item name="B7" rev="14">
<attrib name="value" value="1"/></item>
<item name="B8" rev="14">
<attrib name="value" value="1"/></item>
<item name="B9" rev="14">
<attrib name="value" value="1"/></item>
<item name="C0" rev="14">
<attrib name="value" value="1"/></item>
<item name="C1" rev="14">
<attrib name="value" value="1"/></item>
<item name="C10" rev="14">
<attrib name="value" value="1"/></item>
<item name="C11" rev="14">
<attrib name="value" value="1"/></item>
<item name="C12" rev="14">
<attrib name="value" value="1"/></item>
<item name="C13" rev="14">
<attrib name="value" value="1"/></item>
<item name="C14" rev="14">
<attrib name="value" value="1"/></item>
<item name="C15" rev="14">
<attrib name="value" value="1"/></item>
<item name="C16" rev="14">
<attrib name="value" value="1"/></item>
<item name="C17" rev="14">
<attrib name="value" value="1"/></item>
<item name="C18" rev="14">
<attrib name="value" value="1"/></item>
<item name="C19" rev="14">
<attrib name="value" value="1"/></item>
<item name="C2" rev="14">
<attrib name="value" value="1"/></item>
<item name="C20" rev="14">
<attrib name="value" value="1"/></item>
<item name="C21" rev="14">
<attrib name="value" value="1"/></item>
<item name="C22" rev="14">
<attrib name="value" value="1"/></item>
<item name="C23" rev="14">
<attrib name="value" value="1"/></item>
<item name="C24" rev="14">
<attrib name="value" value="1"/></item>
<item name="C25" rev="14">
<attrib name="value" value="1"/></item>
<item name="C26" rev="14">
<attrib name="value" value="1"/></item>
<item name="C27" rev="14">
<attrib name="value" value="1"/></item>
<item name="C28" rev="14">
<attrib name="value" value="1"/></item>
<item name="C29" rev="14">
<attrib name="value" value="1"/></item>
<item name="C3" rev="14">
<attrib name="value" value="1"/></item>
<item name="C30" rev="14">
<attrib name="value" value="1"/></item>
<item name="C31" rev="14">
<attrib name="value" value="1"/></item>
<item name="C32" rev="14">
<attrib name="value" value="1"/></item>
<item name="C33" rev="14">
<attrib name="value" value="1"/></item>
<item name="C34" rev="14">
<attrib name="value" value="1"/></item>
<item name="C35" rev="14">
<attrib name="value" value="1"/></item>
<item name="C36" rev="14">
<attrib name="value" value="1"/></item>
<item name="C37" rev="14">
<attrib name="value" value="1"/></item>
<item name="C38" rev="14">
<attrib name="value" value="1"/></item>
<item name="C39" rev="14">
<attrib name="value" value="1"/></item>
<item name="C4" rev="14">
<attrib name="value" value="1"/></item>
<item name="C40" rev="14">
<attrib name="value" value="1"/></item>
<item name="C41" rev="14">
<attrib name="value" value="1"/></item>
<item name="C42" rev="14">
<attrib name="value" value="1"/></item>
<item name="C43" rev="14">
<attrib name="value" value="1"/></item>
<item name="C44" rev="14">
<attrib name="value" value="1"/></item>
<item name="C45" rev="14">
<attrib name="value" value="1"/></item>
<item name="C46" rev="14">
<attrib name="value" value="1"/></item>
<item name="C47" rev="14">
<attrib name="value" value="1"/></item>
<item name="C5" rev="14">
<attrib name="value" value="1"/></item>
<item name="C6" rev="14">
<attrib name="value" value="1"/></item>
<item name="C7" rev="14">
<attrib name="value" value="1"/></item>
<item name="C8" rev="14">
<attrib name="value" value="1"/></item>
<item name="C9" rev="14">
<attrib name="value" value="1"/></item>
<item name="CEA" rev="14">
<attrib name="value" value="1"/></item>
<item name="CEB" rev="14">
<attrib name="value" value="1"/></item>
<item name="CEC" rev="14">
<attrib name="value" value="1"/></item>
<item name="CECARRYIN" rev="14">
<attrib name="value" value="1"/></item>
<item name="CED" rev="14">
<attrib name="value" value="1"/></item>
<item name="CEM" rev="14">
<attrib name="value" value="1"/></item>
<item name="CEOPMODE" rev="14">
<attrib name="value" value="1"/></item>
<item name="CEP" rev="14">
<attrib name="value" value="1"/></item>
<item name="CLK" rev="14">
<attrib name="value" value="1"/></item>
<item name="D0" rev="14">
<attrib name="value" value="1"/></item>
<item name="D1" rev="14">
<attrib name="value" value="1"/></item>
<item name="D10" rev="14">
<attrib name="value" value="1"/></item>
<item name="D11" rev="14">
<attrib name="value" value="1"/></item>
<item name="D12" rev="14">
<attrib name="value" value="1"/></item>
<item name="D13" rev="14">
<attrib name="value" value="1"/></item>
<item name="D14" rev="14">
<attrib name="value" value="1"/></item>
<item name="D15" rev="14">
<attrib name="value" value="1"/></item>
<item name="D16" rev="14">
<attrib name="value" value="1"/></item>
<item name="D17" rev="14">
<attrib name="value" value="1"/></item>
<item name="D2" rev="14">
<attrib name="value" value="1"/></item>
<item name="D3" rev="14">
<attrib name="value" value="1"/></item>
<item name="D4" rev="14">
<attrib name="value" value="1"/></item>
<item name="D5" rev="14">
<attrib name="value" value="1"/></item>
<item name="D6" rev="14">
<attrib name="value" value="1"/></item>
<item name="D7" rev="14">
<attrib name="value" value="1"/></item>
<item name="D8" rev="14">
<attrib name="value" value="1"/></item>
<item name="D9" rev="14">
<attrib name="value" value="1"/></item>
<item name="M0" rev="14">
<attrib name="value" value="1"/></item>
<item name="M1" rev="14">
<attrib name="value" value="1"/></item>
<item name="M10" rev="14">
<attrib name="value" value="1"/></item>
<item name="M11" rev="14">
<attrib name="value" value="1"/></item>
<item name="M12" rev="14">
<attrib name="value" value="1"/></item>
<item name="M13" rev="14">
<attrib name="value" value="1"/></item>
<item name="M14" rev="14">
<attrib name="value" value="1"/></item>
<item name="M15" rev="14">
<attrib name="value" value="1"/></item>
<item name="M2" rev="14">
<attrib name="value" value="1"/></item>
<item name="M3" rev="14">
<attrib name="value" value="1"/></item>
<item name="M4" rev="14">
<attrib name="value" value="1"/></item>
<item name="M5" rev="14">
<attrib name="value" value="1"/></item>
<item name="M6" rev="14">
<attrib name="value" value="1"/></item>
<item name="M7" rev="14">
<attrib name="value" value="1"/></item>
<item name="M8" rev="14">
<attrib name="value" value="1"/></item>
<item name="M9" rev="14">
<attrib name="value" value="1"/></item>
<item name="OPMODE0" rev="14">
<attrib name="value" value="1"/></item>
<item name="OPMODE1" rev="14">
<attrib name="value" value="1"/></item>
<item name="OPMODE2" rev="14">
<attrib name="value" value="1"/></item>
<item name="OPMODE3" rev="14">
<attrib name="value" value="1"/></item>
<item name="OPMODE4" rev="14">
<attrib name="value" value="1"/></item>
<item name="OPMODE5" rev="14">
<attrib name="value" value="1"/></item>
<item name="OPMODE6" rev="14">
<attrib name="value" value="1"/></item>
<item name="OPMODE7" rev="14">
<attrib name="value" value="1"/></item>
<item name="RSTA" rev="14">
<attrib name="value" value="1"/></item>
<item name="RSTB" rev="14">
<attrib name="value" value="1"/></item>
<item name="RSTC" rev="14">
<attrib name="value" value="1"/></item>
<item name="RSTCARRYIN" rev="14">
<attrib name="value" value="1"/></item>
<item name="RSTD" rev="14">
<attrib name="value" value="1"/></item>
<item name="RSTM" rev="14">
<attrib name="value" value="1"/></item>
<item name="RSTOPMODE" rev="14">
<attrib name="value" value="1"/></item>
<item name="RSTP" rev="14">
<attrib name="value" value="1"/></item>
</group>
<group name="SLICEL">
<item name="A" rev="14">
<attrib name="value" value="15"/></item>
<item name="A1" rev="14">
<attrib name="value" value="8"/></item>
<item name="A2" rev="14">
<attrib name="value" value="19"/></item>
<item name="A3" rev="14">
<attrib name="value" value="28"/></item>
<item name="A4" rev="14">
<attrib name="value" value="59"/></item>
<item name="A5" rev="14">
<attrib name="value" value="41"/></item>
<item name="A6" rev="14">
<attrib name="value" value="64"/></item>
<item name="AMUX" rev="14">
<attrib name="value" value="16"/></item>
<item name="AQ" rev="14">
<attrib name="value" value="35"/></item>
<item name="AX" rev="14">
<attrib name="value" value="15"/></item>
<item name="B" rev="14">
<attrib name="value" value="13"/></item>
<item name="B1" rev="14">
<attrib name="value" value="5"/></item>
<item name="B2" rev="14">
<attrib name="value" value="18"/></item>
<item name="B3" rev="14">
<attrib name="value" value="26"/></item>
<item name="B4" rev="14">
<attrib name="value" value="57"/></item>
<item name="B5" rev="14">
<attrib name="value" value="38"/></item>
<item name="B6" rev="14">
<attrib name="value" value="57"/></item>
<item name="BMUX" rev="14">
<attrib name="value" value="18"/></item>
<item name="BQ" rev="14">
<attrib name="value" value="36"/></item>
<item name="BX" rev="14">
<attrib name="value" value="10"/></item>
<item name="C1" rev="14">
<attrib name="value" value="16"/></item>
<item name="C2" rev="14">
<attrib name="value" value="26"/></item>
<item name="C3" rev="14">
<attrib name="value" value="33"/></item>
<item name="C4" rev="14">
<attrib name="value" value="61"/></item>
<item name="C5" rev="14">
<attrib name="value" value="44"/></item>
<item name="C6" rev="14">
<attrib name="value" value="63"/></item>
<item name="CE" rev="14">
<attrib name="value" value="24"/></item>
<item name="CIN" rev="14">
<attrib name="value" value="38"/></item>
<item name="CLK" rev="14">
<attrib name="value" value="54"/></item>
<item name="CMUX" rev="14">
<attrib name="value" value="23"/></item>
<item name="COUT" rev="14">
<attrib name="value" value="38"/></item>
<item name="CQ" rev="14">
<attrib name="value" value="43"/></item>
<item name="CX" rev="14">
<attrib name="value" value="31"/></item>
<item name="D" rev="14">
<attrib name="value" value="2"/></item>
<item name="D1" rev="14">
<attrib name="value" value="20"/></item>
<item name="D2" rev="14">
<attrib name="value" value="29"/></item>
<item name="D3" rev="14">
<attrib name="value" value="32"/></item>
<item name="D4" rev="14">
<attrib name="value" value="58"/></item>
<item name="D5" rev="14">
<attrib name="value" value="46"/></item>
<item name="D6" rev="14">
<attrib name="value" value="63"/></item>
<item name="DMUX" rev="14">
<attrib name="value" value="14"/></item>
<item name="DQ" rev="14">
<attrib name="value" value="32"/></item>
<item name="DX" rev="14">
<attrib name="value" value="8"/></item>
<item name="SR" rev="14">
<attrib name="value" value="24"/></item>
</group>
<group name="SLICEM">
<item name="A" rev="14">
<attrib name="value" value="34"/></item>
<item name="A1" rev="14">
<attrib name="value" value="36"/></item>
<item name="A2" rev="14">
<attrib name="value" value="36"/></item>
<item name="A3" rev="14">
<attrib name="value" value="36"/></item>
<item name="A4" rev="14">
<attrib name="value" value="37"/></item>
<item name="A5" rev="14">
<attrib name="value" value="37"/></item>
<item name="A6" rev="14">
<attrib name="value" value="37"/></item>
<item name="AI" rev="14">
<attrib name="value" value="33"/></item>
<item name="AMUX" rev="14">
<attrib name="value" value="19"/></item>
<item name="AQ" rev="14">
<attrib name="value" value="14"/></item>
<item name="AX" rev="14">
<attrib name="value" value="2"/></item>
<item name="B" rev="14">
<attrib name="value" value="33"/></item>
<item name="B1" rev="14">
<attrib name="value" value="32"/></item>
<item name="B2" rev="14">
<attrib name="value" value="32"/></item>
<item name="B3" rev="14">
<attrib name="value" value="32"/></item>
<item name="B4" rev="14">
<attrib name="value" value="32"/></item>
<item name="B5" rev="14">
<attrib name="value" value="33"/></item>
<item name="B6" rev="14">
<attrib name="value" value="33"/></item>
<item name="BI" rev="14">
<attrib name="value" value="32"/></item>
<item name="BMUX" rev="14">
<attrib name="value" value="18"/></item>
<item name="BQ" rev="14">
<attrib name="value" value="10"/></item>
<item name="BX" rev="14">
<attrib name="value" value="18"/></item>
<item name="C" rev="14">
<attrib name="value" value="27"/></item>
<item name="C1" rev="14">
<attrib name="value" value="24"/></item>
<item name="C2" rev="14">
<attrib name="value" value="24"/></item>
<item name="C3" rev="14">
<attrib name="value" value="25"/></item>
<item name="C4" rev="14">
<attrib name="value" value="26"/></item>
<item name="C5" rev="14">
<attrib name="value" value="27"/></item>
<item name="C6" rev="14">
<attrib name="value" value="27"/></item>
<item name="CE" rev="14">
<attrib name="value" value="41"/></item>
<item name="CI" rev="14">
<attrib name="value" value="23"/></item>
<item name="CLK" rev="14">
<attrib name="value" value="41"/></item>
<item name="CMUX" rev="14">
<attrib name="value" value="2"/></item>
<item name="CQ" rev="14">
<attrib name="value" value="9"/></item>
<item name="CX" rev="14">
<attrib name="value" value="19"/></item>
<item name="D" rev="14">
<attrib name="value" value="30"/></item>
<item name="D1" rev="14">
<attrib name="value" value="29"/></item>
<item name="D2" rev="14">
<attrib name="value" value="30"/></item>
<item name="D3" rev="14">
<attrib name="value" value="31"/></item>
<item name="D4" rev="14">
<attrib name="value" value="31"/></item>
<item name="D5" rev="14">
<attrib name="value" value="31"/></item>
<item name="D6" rev="14">
<attrib name="value" value="31"/></item>
<item name="DI" rev="14">
<attrib name="value" value="26"/></item>
<item name="DMUX" rev="14">
<attrib name="value" value="2"/></item>
<item name="DQ" rev="14">
<attrib name="value" value="12"/></item>
<item name="DX" rev="14">
<attrib name="value" value="18"/></item>
<item name="SR" rev="14">
<attrib name="value" value="12"/></item>
<item name="WE" rev="14">
<attrib name="value" value="10"/></item>
</group>
<group name="IOB_OUTBUF">
<item name="IN" rev="14">
<attrib name="value" value="48"/></item>
<item name="OUT" rev="14">
<attrib name="value" value="48"/></item>
<item name="TRI" rev="14">
<attrib name="value" value="12"/></item>
</group>
<group name="SLICEX">
<item name="A" rev="14">
<attrib name="value" value="177"/></item>
<item name="A1" rev="14">
<attrib name="value" value="124"/></item>
<item name="A2" rev="14">
<attrib name="value" value="177"/></item>
<item name="A3" rev="14">
<attrib name="value" value="202"/></item>
<item name="A4" rev="14">
<attrib name="value" value="233"/></item>
<item name="A5" rev="14">
<attrib name="value" value="239"/></item>
<item name="A6" rev="14">
<attrib name="value" value="246"/></item>
<item name="AMUX" rev="14">
<attrib name="value" value="49"/></item>
<item name="AQ" rev="14">
<attrib name="value" value="199"/></item>
<item name="AX" rev="14">
<attrib name="value" value="121"/></item>
<item name="B" rev="14">
<attrib name="value" value="139"/></item>
<item name="B1" rev="14">
<attrib name="value" value="105"/></item>
<item name="B2" rev="14">
<attrib name="value" value="132"/></item>
<item name="B3" rev="14">
<attrib name="value" value="143"/></item>
<item name="B4" rev="14">
<attrib name="value" value="171"/></item>
<item name="B5" rev="14">
<attrib name="value" value="185"/></item>
<item name="B6" rev="14">
<attrib name="value" value="186"/></item>
<item name="BMUX" rev="14">
<attrib name="value" value="44"/></item>
<item name="BQ" rev="14">
<attrib name="value" value="159"/></item>
<item name="BX" rev="14">
<attrib name="value" value="101"/></item>
<item name="C" rev="14">
<attrib name="value" value="100"/></item>
<item name="C1" rev="14">
<attrib name="value" value="62"/></item>
<item name="C2" rev="14">
<attrib name="value" value="90"/></item>
<item name="C3" rev="14">
<attrib name="value" value="113"/></item>
<item name="C4" rev="14">
<attrib name="value" value="138"/></item>
<item name="C5" rev="14">
<attrib name="value" value="142"/></item>
<item name="C6" rev="14">
<attrib name="value" value="141"/></item>
<item name="CE" rev="14">
<attrib name="value" value="160"/></item>
<item name="CLK" rev="14">
<attrib name="value" value="273"/></item>
<item name="CMUX" rev="14">
<attrib name="value" value="20"/></item>
<item name="CQ" rev="14">
<attrib name="value" value="139"/></item>
<item name="CX" rev="14">
<attrib name="value" value="95"/></item>
<item name="D" rev="14">
<attrib name="value" value="123"/></item>
<item name="D1" rev="14">
<attrib name="value" value="66"/></item>
<item name="D2" rev="14">
<attrib name="value" value="116"/></item>
<item name="D3" rev="14">
<attrib name="value" value="134"/></item>
<item name="D4" rev="14">
<attrib name="value" value="151"/></item>
<item name="D5" rev="14">
<attrib name="value" value="163"/></item>
<item name="D6" rev="14">
<attrib name="value" value="167"/></item>
<item name="DMUX" rev="14">
<attrib name="value" value="33"/></item>
<item name="DQ" rev="14">
<attrib name="value" value="138"/></item>
<item name="DX" rev="14">
<attrib name="value" value="90"/></item>
<item name="SR" rev="14">
<attrib name="value" value="122"/></item>
</group>
<group name="BUFG_BUFG">
<item name="I0" rev="14">
<attrib name="value" value="7"/></item>
<item name="O" rev="14">
<attrib name="value" value="7"/></item>
</group>
<group name="PULL_OR_KEEP1">
<item name="PAD" rev="14">
<attrib name="value" value="4"/></item>
</group>
<group name="ILOGIC2_IFF">
<item name="CLK0" rev="14">
<attrib name="value" value="1"/></item>
<item name="D" rev="14">
<attrib name="value" value="1"/></item>
<item name="Q1" rev="14">
<attrib name="value" value="1"/></item>
</group>
<group name="PAD">
<item name="PAD" rev="14">
<attrib name="value" value="66"/></item>
</group>
<group name="BUFIO2FB">
<item name="I" rev="14">
<attrib name="value" value="1"/></item>
<item name="O" rev="14">
<attrib name="value" value="1"/></item>
</group>
<group name="BUFIO2FB_BUFIO2FB">
<item name="I" rev="14">
<attrib name="value" value="1"/></item>
<item name="O" rev="14">
<attrib name="value" value="1"/></item>
</group>
<group name="IOB_INBUF">
<item name="OUT" rev="14">
<attrib name="value" value="26"/></item>
<item name="PAD" rev="14">
<attrib name="value" value="26"/></item>
</group>
<group name="OLOGIC2">
<item name="CLK0" rev="14">
<attrib name="value" value="1"/></item>
<item name="CLK1" rev="14">
<attrib name="value" value="1"/></item>
<item name="D1" rev="14">
<attrib name="value" value="1"/></item>
<item name="D2" rev="14">
<attrib name="value" value="1"/></item>
<item name="OCE" rev="14">
<attrib name="value" value="1"/></item>
<item name="OQ" rev="14">
<attrib name="value" value="1"/></item>
<item name="SR" rev="14">
<attrib name="value" value="1"/></item>
</group>
<group name="RAMB16BWER">
<item name="ADDRA1" rev="14">
<attrib name="value" value="16"/></item>
<item name="ADDRA10" rev="14">
<attrib name="value" value="16"/></item>
<item name="ADDRA11" rev="14">
<attrib name="value" value="16"/></item>
<item name="ADDRA12" rev="14">
<attrib name="value" value="16"/></item>
<item name="ADDRA13" rev="14">
<attrib name="value" value="16"/></item>
<item name="ADDRA2" rev="14">
<attrib name="value" value="16"/></item>
<item name="ADDRA3" rev="14">
<attrib name="value" value="16"/></item>
<item name="ADDRA4" rev="14">
<attrib name="value" value="16"/></item>
<item name="ADDRA5" rev="14">
<attrib name="value" value="16"/></item>
<item name="ADDRA6" rev="14">
<attrib name="value" value="16"/></item>
<item name="ADDRA7" rev="14">
<attrib name="value" value="16"/></item>
<item name="ADDRA8" rev="14">
<attrib name="value" value="16"/></item>
<item name="ADDRA9" rev="14">
<attrib name="value" value="16"/></item>
<item name="ADDRB1" rev="14">
<attrib name="value" value="16"/></item>
<item name="ADDRB10" rev="14">
<attrib name="value" value="16"/></item>
<item name="ADDRB11" rev="14">
<attrib name="value" value="16"/></item>
<item name="ADDRB12" rev="14">
<attrib name="value" value="16"/></item>
<item name="ADDRB13" rev="14">
<attrib name="value" value="16"/></item>
<item name="ADDRB2" rev="14">
<attrib name="value" value="16"/></item>
<item name="ADDRB3" rev="14">
<attrib name="value" value="16"/></item>
<item name="ADDRB4" rev="14">
<attrib name="value" value="16"/></item>
<item name="ADDRB5" rev="14">
<attrib name="value" value="16"/></item>
<item name="ADDRB6" rev="14">
<attrib name="value" value="16"/></item>
<item name="ADDRB7" rev="14">
<attrib name="value" value="16"/></item>
<item name="ADDRB8" rev="14">
<attrib name="value" value="16"/></item>
<item name="ADDRB9" rev="14">
<attrib name="value" value="16"/></item>
<item name="CLKA" rev="14">
<attrib name="value" value="16"/></item>
<item name="CLKB" rev="14">
<attrib name="value" value="16"/></item>
<item name="DIA0" rev="14">
<attrib name="value" value="16"/></item>
<item name="DIA1" rev="14">
<attrib name="value" value="16"/></item>
<item name="DIB0" rev="14">
<attrib name="value" value="16"/></item>
<item name="DIB1" rev="14">
<attrib name="value" value="16"/></item>
<item name="DOA0" rev="14">
<attrib name="value" value="16"/></item>
<item name="DOA1" rev="14">
<attrib name="value" value="16"/></item>
<item name="DOB0" rev="14">
<attrib name="value" value="16"/></item>
<item name="DOB1" rev="14">
<attrib name="value" value="16"/></item>
<item name="ENA" rev="14">
<attrib name="value" value="16"/></item>
<item name="ENB" rev="14">
<attrib name="value" value="16"/></item>
<item name="RSTA" rev="14">
<attrib name="value" value="16"/></item>
<item name="RSTB" rev="14">
<attrib name="value" value="16"/></item>
<item name="WEA0" rev="14">
<attrib name="value" value="16"/></item>
<item name="WEA1" rev="14">
<attrib name="value" value="16"/></item>
<item name="WEA2" rev="14">
<attrib name="value" value="16"/></item>
<item name="WEA3" rev="14">
<attrib name="value" value="16"/></item>
<item name="WEB0" rev="14">
<attrib name="value" value="16"/></item>
<item name="WEB1" rev="14">
<attrib name="value" value="16"/></item>
<item name="WEB2" rev="14">
<attrib name="value" value="16"/></item>
<item name="WEB3" rev="14">
<attrib name="value" value="16"/></item>
</group>
<group name="CARRY4">
<item name="CIN" rev="14">
<attrib name="value" value="38"/></item>
<item name="CO0" rev="14">
<attrib name="value" value="4"/></item>
<item name="CO1" rev="14">
<attrib name="value" value="2"/></item>
<item name="CO2" rev="14">
<attrib name="value" value="2"/></item>
<item name="CO3" rev="14">
<attrib name="value" value="39"/></item>
<item name="CYINIT" rev="14">
<attrib name="value" value="13"/></item>
<item name="DI0" rev="14">
<attrib name="value" value="49"/></item>
<item name="DI1" rev="14">
<attrib name="value" value="45"/></item>
<item name="DI2" rev="14">
<attrib name="value" value="42"/></item>
<item name="DI3" rev="14">
<attrib name="value" value="38"/></item>
<item name="O0" rev="14">
<attrib name="value" value="42"/></item>
<item name="O1" rev="14">
<attrib name="value" value="43"/></item>
<item name="O2" rev="14">
<attrib name="value" value="39"/></item>
<item name="O3" rev="14">
<attrib name="value" value="37"/></item>
<item name="S0" rev="14">
<attrib name="value" value="51"/></item>
<item name="S1" rev="14">
<attrib name="value" value="48"/></item>
<item name="S2" rev="14">
<attrib name="value" value="44"/></item>
<item name="S3" rev="14">
<attrib name="value" value="42"/></item>
</group>
<group name="BUFIO2_BUFIO2">
<item name="DIVCLK" rev="14">
<attrib name="value" value="1"/></item>
<item name="I" rev="14">
<attrib name="value" value="1"/></item>
</group>
<group name="OLOGIC2_OUTFF">
<item name="CE" rev="14">
<attrib name="value" value="1"/></item>
<item name="CK0" rev="14">
<attrib name="value" value="1"/></item>
<item name="CK1" rev="14">
<attrib name="value" value="1"/></item>
<item name="D1" rev="14">
<attrib name="value" value="1"/></item>
<item name="D2" rev="14">
<attrib name="value" value="1"/></item>
<item name="Q" rev="14">
<attrib name="value" value="1"/></item>
<item name="SR" rev="14">
<attrib name="value" value="1"/></item>
</group>
<group name="LUT5">
<item name="A1" rev="14">
<attrib name="value" value="73"/></item>
<item name="A2" rev="14">
<attrib name="value" value="154"/></item>
<item name="A3" rev="14">
<attrib name="value" value="144"/></item>
<item name="A4" rev="14">
<attrib name="value" value="100"/></item>
<item name="A5" rev="14">
<attrib name="value" value="89"/></item>
<item name="O5" rev="14">
<attrib name="value" value="297"/></item>
</group>
<group name="LUT6">
<item name="A1" rev="14">
<attrib name="value" value="366"/></item>
<item name="A2" rev="14">
<attrib name="value" value="562"/></item>
<item name="A3" rev="14">
<attrib name="value" value="689"/></item>
<item name="A4" rev="14">
<attrib name="value" value="925"/></item>
<item name="A5" rev="14">
<attrib name="value" value="888"/></item>
<item name="A6" rev="14">
<attrib name="value" value="987"/></item>
<item name="O6" rev="14">
<attrib name="value" value="998"/></item>
</group>
<group name="RAMB16BWER_RAMB16BWER">
<item name="ADDRA1" rev="14">
<attrib name="value" value="16"/></item>
<item name="ADDRA10" rev="14">
<attrib name="value" value="16"/></item>
<item name="ADDRA11" rev="14">
<attrib name="value" value="16"/></item>
<item name="ADDRA12" rev="14">
<attrib name="value" value="16"/></item>
<item name="ADDRA13" rev="14">
<attrib name="value" value="16"/></item>
<item name="ADDRA2" rev="14">
<attrib name="value" value="16"/></item>
<item name="ADDRA3" rev="14">
<attrib name="value" value="16"/></item>
<item name="ADDRA4" rev="14">
<attrib name="value" value="16"/></item>
<item name="ADDRA5" rev="14">
<attrib name="value" value="16"/></item>
<item name="ADDRA6" rev="14">
<attrib name="value" value="16"/></item>
<item name="ADDRA7" rev="14">
<attrib name="value" value="16"/></item>
<item name="ADDRA8" rev="14">
<attrib name="value" value="16"/></item>
<item name="ADDRA9" rev="14">
<attrib name="value" value="16"/></item>
<item name="ADDRB1" rev="14">
<attrib name="value" value="16"/></item>
<item name="ADDRB10" rev="14">
<attrib name="value" value="16"/></item>
<item name="ADDRB11" rev="14">
<attrib name="value" value="16"/></item>
<item name="ADDRB12" rev="14">
<attrib name="value" value="16"/></item>
<item name="ADDRB13" rev="14">
<attrib name="value" value="16"/></item>
<item name="ADDRB2" rev="14">
<attrib name="value" value="16"/></item>
<item name="ADDRB3" rev="14">
<attrib name="value" value="16"/></item>
<item name="ADDRB4" rev="14">
<attrib name="value" value="16"/></item>
<item name="ADDRB5" rev="14">
<attrib name="value" value="16"/></item>
<item name="ADDRB6" rev="14">
<attrib name="value" value="16"/></item>
<item name="ADDRB7" rev="14">
<attrib name="value" value="16"/></item>
<item name="ADDRB8" rev="14">
<attrib name="value" value="16"/></item>
<item name="ADDRB9" rev="14">
<attrib name="value" value="16"/></item>
<item name="CLKA" rev="14">
<attrib name="value" value="16"/></item>
<item name="CLKB" rev="14">
<attrib name="value" value="16"/></item>
<item name="DIA0" rev="14">
<attrib name="value" value="16"/></item>
<item name="DIA1" rev="14">
<attrib name="value" value="16"/></item>
<item name="DIB0" rev="14">
<attrib name="value" value="16"/></item>
<item name="DIB1" rev="14">
<attrib name="value" value="16"/></item>
<item name="DOA0" rev="14">
<attrib name="value" value="16"/></item>
<item name="DOA1" rev="14">
<attrib name="value" value="16"/></item>
<item name="DOB0" rev="14">
<attrib name="value" value="16"/></item>
<item name="DOB1" rev="14">
<attrib name="value" value="16"/></item>
<item name="ENA" rev="14">
<attrib name="value" value="16"/></item>
<item name="ENB" rev="14">
<attrib name="value" value="16"/></item>
<item name="RSTA" rev="14">
<attrib name="value" value="16"/></item>
<item name="RSTB" rev="14">
<attrib name="value" value="16"/></item>
<item name="WEA0" rev="14">
<attrib name="value" value="16"/></item>
<item name="WEA1" rev="14">
<attrib name="value" value="16"/></item>
<item name="WEA2" rev="14">
<attrib name="value" value="16"/></item>
<item name="WEA3" rev="14">
<attrib name="value" value="16"/></item>
<item name="WEB0" rev="14">
<attrib name="value" value="16"/></item>
<item name="WEB1" rev="14">
<attrib name="value" value="16"/></item>
<item name="WEB2" rev="14">
<attrib name="value" value="16"/></item>
<item name="WEB3" rev="14">
<attrib name="value" value="16"/></item>
</group>
<group name="STARTUP_STARTUP">
<item name="CLK" rev="14">
<attrib name="value" value="1"/></item>
<item name="GSR" rev="14">
<attrib name="value" value="1"/></item>
<item name="GTS" rev="14">
<attrib name="value" value="1"/></item>
<item name="KEYCLEARB" rev="14">
<attrib name="value" value="1"/></item>
</group>
<group name="SELMUX2_1">
<item name="0" rev="14">
<attrib name="value" value="22"/></item>
<item name="1" rev="14">
<attrib name="value" value="21"/></item>
<item name="OUT" rev="14">
<attrib name="value" value="22"/></item>
<item name="S0" rev="14">
<attrib name="value" value="22"/></item>
</group>
<group name="STARTUP">
<item name="CLK" rev="14">
<attrib name="value" value="1"/></item>
<item name="GSR" rev="14">
<attrib name="value" value="1"/></item>
<item name="GTS" rev="14">
<attrib name="value" value="1"/></item>
<item name="KEYCLEARB" rev="14">
<attrib name="value" value="1"/></item>
</group>
<group name="INVERTER">
<item name="IN" rev="14">
<attrib name="value" value="1"/></item>
<item name="OUT" rev="14">
<attrib name="value" value="1"/></item>
</group>
<group name="IOB_IMUX">
<item name="I" rev="14">
<attrib name="value" value="25"/></item>
<item name="I_B" rev="14">
<attrib name="value" value="1"/></item>
<item name="OUT" rev="14">
<attrib name="value" value="26"/></item>
</group>
<group name="ILOGIC2">
<item name="CLK0" rev="14">
<attrib name="value" value="1"/></item>
<item name="D" rev="14">
<attrib name="value" value="1"/></item>
<item name="Q4" rev="14">
<attrib name="value" value="1"/></item>
</group>
<group name="IOB">
<item name="I" rev="14">
<attrib name="value" value="26"/></item>
<item name="O" rev="14">
<attrib name="value" value="48"/></item>
<item name="PAD" rev="14">
<attrib name="value" value="66"/></item>
<item name="T" rev="14">
<attrib name="value" value="12"/></item>
</group>
<group name="DCM_DCM">
<item name="CLK2X" rev="14">
<attrib name="value" value="1"/></item>
<item name="CLKFB" rev="14">
<attrib name="value" value="1"/></item>
<item name="CLKFX" rev="14">
<attrib name="value" value="1"/></item>
<item name="CLKIN" rev="14">
<attrib name="value" value="1"/></item>
<item name="LOCKED" rev="14">
<attrib name="value" value="1"/></item>
<item name="PSCLK" rev="14">
<attrib name="value" value="1"/></item>
<item name="PSEN" rev="14">
<attrib name="value" value="1"/></item>
<item name="PSINCDEC" rev="14">
<attrib name="value" value="1"/></item>
<item name="RST" rev="14">
<attrib name="value" value="1"/></item>
</group>
<group name="HARD0">
<item name="0" rev="14">
<attrib name="value" value="8"/></item>
</group>
<group name="HARD1">
<item name="1" rev="14">
<attrib name="value" value="1"/></item>
</group>
<group name="FF_SR">
<item name="CE" rev="14">
<attrib name="value" value="72"/></item>
<item name="CK" rev="14">
<attrib name="value" value="90"/></item>
<item name="D" rev="14">
<attrib name="value" value="90"/></item>
<item name="Q" rev="14">
<attrib name="value" value="90"/></item>
<item name="SR" rev="14">
<attrib name="value" value="48"/></item>
</group>
<group name="BUFG">
<item name="I0" rev="14">
<attrib name="value" value="7"/></item>
<item name="O" rev="14">
<attrib name="value" value="7"/></item>
</group>
<group name="DCM">
<item name="CLK2X" rev="14">
<attrib name="value" value="1"/></item>
<item name="CLKFB" rev="14">
<attrib name="value" value="1"/></item>
<item name="CLKFX" rev="14">
<attrib name="value" value="1"/></item>
<item name="CLKIN" rev="14">
<attrib name="value" value="1"/></item>
<item name="LOCKED" rev="14">
<attrib name="value" value="1"/></item>
<item name="PSCLK" rev="14">
<attrib name="value" value="1"/></item>
<item name="PSEN" rev="14">
<attrib name="value" value="1"/></item>
<item name="PSINCDEC" rev="14">
<attrib name="value" value="1"/></item>
<item name="RST" rev="14">
<attrib name="value" value="1"/></item>
</group>
</ReportPinData>
<CmdHistory>
</CmdHistory>
</DeviceUsageSummary>
