<?xml version="1.0" encoding="UTF-8" ?>
<document>
<!--The data in this file is primarily intended for consumption by Xilinx tools.
The structure and the elements are likely to change over the next few releases.
This means code written to parse this file will need to be revisited each subsequent release.-->
<application name="pn" timeStamp="Tue Jan 10 19:35:13 2023">
<section name="Project Information" visible="false">
<property name="ProjectID" value="C393C2FE8E8740BABB16CBD687848DF3" type="project"/>
<property name="ProjectIteration" value="7" type="project"/>
<property name="ProjectFile" value="Z:/ssee_prac3_rl_2022/ssee_prac3_rl_2022.xise" type="project"/>
<property name="ProjectCreationTimestamp" value="2013-11-23T13:30:44" type="project"/>
</section>
<section name="Project Statistics" visible="true">
<property name="PROP_Enable_Message_Filtering" value="false" type="design"/>
<property name="PROP_FitterReportFormat" value="HTML" type="process"/>
<property name="PROP_LastAppliedGoal" value="Balanced" type="design"/>
<property name="PROP_LastAppliedStrategy" value="Xilinx Default (unlocked)" type="design"/>
<property name="PROP_ManualCompileOrderImp" value="false" type="design"/>
<property name="PROP_OverwriteSym" value="true" type="process"/>
<property name="PROP_PropSpecInProjFile" value="Store all values" type="design"/>
<property name="PROP_SelectedInstanceHierarchicalPath" value="/prac3_top_prac3_top_sch_tb" type="process"/>
<property name="PROP_Simulator" value="ISim (VHDL/Verilog)" type="design"/>
<property name="PROP_SynthTopFile" value="changed" type="process"/>
<property name="PROP_Top_Level_Module_Type" value="Schematic" type="design"/>
<property name="PROP_UseSmartGuide" value="false" type="design"/>
<property name="PROP_UserBrowsedStrategyFiles" value="C:/Xilinx/14.4/ISE_DS/ISE/data/default.xds" type="process"/>
<property name="PROP_UserConstraintEditorPreference" value="Text Editor" type="process"/>
<property name="PROP_bitgen_otherCmdLineOptions_spartan6" value="-bd "workspace/hello_world/debug/hello_world.elf" tag microblaze_prac3" type="process"/>
<property name="PROP_intProjectCreationTimestamp" value="2013-11-23T13:30:44" type="design"/>
<property name="PROP_intWbtProjectID" value="C393C2FE8E8740BABB16CBD687848DF3" type="design"/>
<property name="PROP_intWbtProjectIteration" value="7" type="process"/>
<property name="PROP_intWorkingDirLocWRTProjDir" value="Same" type="design"/>
<property name="PROP_intWorkingDirUsed" value="No" type="design"/>
<property name="PROP_lockPinsUcfFile" value="changed" type="process"/>
<property name="PROP_ngdbuild_otherCmdLineOptions" value="-bm "ipcore_dir/microblaze_prac3.bmm"" type="process"/>
<property name="PROP_selectedSimRootSourceNode_behav" value="work.prac3_top_prac3_top_sch_tb" type="process"/>
<property name="PROP_selectedSimRootSourceNode_par" value="work.bloque_media_bloque_media_sch_tb" type="process"/>
<property name="PROP_xilxMapReportDetail" value="true" type="process"/>
<property name="PROPEXT_mapTimingMode_spartan6" value="Non Timing Driven" type="process"/>
<property name="PROP_AutoTop" value="false" type="design"/>
<property name="PROP_DevFamily" value="Spartan6" type="design"/>
<property name="PROP_DevDevice" value="xc6slx16" type="design"/>
<property name="PROP_DevFamilyPMName" value="spartan6" type="design"/>
<property name="PROP_DevPackage" value="csg324" type="design"/>
<property name="PROP_Synthesis_Tool" value="XST (VHDL/Verilog)" type="design"/>
<property name="PROP_DevSpeed" value="-3" type="design"/>
<property name="PROP_PreferredLanguage" value="VHDL" type="design"/>
<property name="FILE_COREGEN" value="9" type="source"/>
<property name="FILE_SCHEMATIC" value="26" type="source"/>
<property name="FILE_UCF" value="1" type="source"/>
<property name="FILE_VHDL" value="10" type="source"/>
</section>
</application>
</document>
