<?xml version="1.0" encoding="UTF-8"?>
<!-- IMPORTANT: This is an internal file that has been generated
     by the Xilinx ISE software.  Any direct editing or
     changes made to this file may result in unpredictable
     behavior or data corruption.  It is strongly advised that
     users do not edit the contents of this file. -->
<DeviceUsageSummary rev="8">
<DesignStatistics TimeStamp="Mon Oct 17 12:51:34 2022"><group name="NetStatistics">
<item name="NumNets_Active" rev="8">
<attrib name="value" value="398"/></item>
<item name="NumNets_Gnd" rev="8">
<attrib name="value" value="1"/></item>
<item name="NumNets_Vcc" rev="8">
<attrib name="value" value="1"/></item>
<item name="NumNodesOfType_Active_BOUNCEACROSS" rev="8">
<attrib name="value" value="8"/></item>
<item name="NumNodesOfType_Active_BOUNCEIN" rev="8">
<attrib name="value" value="39"/></item>
<item name="NumNodesOfType_Active_BUFGOUT" rev="8">
<attrib name="value" value="6"/></item>
<item name="NumNodesOfType_Active_BUFHINP2OUT" rev="8">
<attrib name="value" value="15"/></item>
<item name="NumNodesOfType_Active_BUFIOINP" rev="8">
<attrib name="value" value="2"/></item>
<item name="NumNodesOfType_Active_CLKPIN" rev="8">
<attrib name="value" value="44"/></item>
<item name="NumNodesOfType_Active_CLKPINFEED" rev="8">
<attrib name="value" value="31"/></item>
<item name="NumNodesOfType_Active_CNTRLPIN" rev="8">
<attrib name="value" value="31"/></item>
<item name="NumNodesOfType_Active_DOUBLE" rev="8">
<attrib name="value" value="342"/></item>
<item name="NumNodesOfType_Active_GENERIC" rev="8">
<attrib name="value" value="62"/></item>
<item name="NumNodesOfType_Active_GLOBAL" rev="8">
<attrib name="value" value="70"/></item>
<item name="NumNodesOfType_Active_INPUT" rev="8">
<attrib name="value" value="21"/></item>
<item name="NumNodesOfType_Active_IOBIN2OUT" rev="8">
<attrib name="value" value="45"/></item>
<item name="NumNodesOfType_Active_IOBOUTPUT" rev="8">
<attrib name="value" value="44"/></item>
<item name="NumNodesOfType_Active_LUTINPUT" rev="8">
<attrib name="value" value="764"/></item>
<item name="NumNodesOfType_Active_OUTBOUND" rev="8">
<attrib name="value" value="311"/></item>
<item name="NumNodesOfType_Active_OUTPUT" rev="8">
<attrib name="value" value="320"/></item>
<item name="NumNodesOfType_Active_PADINPUT" rev="8">
<attrib name="value" value="29"/></item>
<item name="NumNodesOfType_Active_PADOUTPUT" rev="8">
<attrib name="value" value="15"/></item>
<item name="NumNodesOfType_Active_PINBOUNCE" rev="8">
<attrib name="value" value="193"/></item>
<item name="NumNodesOfType_Active_PINFEED" rev="8">
<attrib name="value" value="863"/></item>
<item name="NumNodesOfType_Active_PINFEED1" rev="8">
<attrib name="value" value="1"/></item>
<item name="NumNodesOfType_Active_PINFEED2" rev="8">
<attrib name="value" value="5"/></item>
<item name="NumNodesOfType_Active_QUAD" rev="8">
<attrib name="value" value="215"/></item>
<item name="NumNodesOfType_Active_REGINPUT" rev="8">
<attrib name="value" value="90"/></item>
<item name="NumNodesOfType_Active_SINGLE" rev="8">
<attrib name="value" value="480"/></item>
<item name="NumNodesOfType_Vcc_CNTRLPIN" rev="8">
<attrib name="value" value="1"/></item>
<item name="NumNodesOfType_Vcc_GENERIC" rev="8">
<attrib name="value" value="10"/></item>
<item name="NumNodesOfType_Vcc_HVCCOUT" rev="8">
<attrib name="value" value="24"/></item>
<item name="NumNodesOfType_Vcc_IOBIN2OUT" rev="8">
<attrib name="value" value="11"/></item>
<item name="NumNodesOfType_Vcc_IOBOUTPUT" rev="8">
<attrib name="value" value="10"/></item>
<item name="NumNodesOfType_Vcc_KVCCOUT" rev="8">
<attrib name="value" value="1"/></item>
<item name="NumNodesOfType_Vcc_LUTINPUT" rev="8">
<attrib name="value" value="54"/></item>
<item name="NumNodesOfType_Vcc_PADINPUT" rev="8">
<attrib name="value" value="10"/></item>
<item name="NumNodesOfType_Vcc_PINFEED" rev="8">
<attrib name="value" value="66"/></item>
</group>
<group name="SiteStatistics">
<item name="BUFG-BUFGMUX" rev="8">
<attrib name="value" value="6"/></item>
<item name="IOB-IOBM" rev="8">
<attrib name="value" value="32"/></item>
<item name="IOB-IOBS" rev="8">
<attrib name="value" value="38"/></item>
<item name="SLICEL-SLICEM" rev="8">
<attrib name="value" value="11"/></item>
<item name="SLICEX-SLICEL" rev="8">
<attrib name="value" value="15"/></item>
<item name="SLICEX-SLICEM" rev="8">
<attrib name="value" value="10"/></item>
</group>
<group name="MiscellaneousStatistics">
<item name="AGG_BONDED_IO" rev="7">
<attrib name="value" value="70"/></item>
<item name="AGG_IO" rev="7">
<attrib name="value" value="70"/></item>
<item name="AGG_LOCED_IO" rev="7">
<attrib name="value" value="70"/></item>
<item name="AGG_SLICE" rev="7">
<attrib name="value" value="82"/></item>
<item name="NUM_BONDED_IOB" rev="7">
<attrib name="value" value="70"/></item>
<item name="NUM_BSFULL" rev="7">
<attrib name="value" value="108"/></item>
<item name="NUM_BSLUTONLY" rev="7">
<attrib name="value" value="91"/></item>
<item name="NUM_BSREGONLY" rev="7">
<attrib name="value" value="29"/></item>
<item name="NUM_BSUSED" rev="7">
<attrib name="value" value="228"/></item>
<item name="NUM_BUFG" rev="7">
<attrib name="value" value="6"/></item>
<item name="NUM_BUFIO2" rev="7">
<attrib name="value" value="1"/></item>
<item name="NUM_BUFIO2FB" rev="7">
<attrib name="value" value="1"/></item>
<item name="NUM_DCM" rev="7">
<attrib name="value" value="1"/></item>
<item name="NUM_ILOGIC2" rev="7">
<attrib name="value" value="2"/></item>
<item name="NUM_IOB_FF" rev="7">
<attrib name="value" value="3"/></item>
<item name="NUM_LOCED_IOB" rev="7">
<attrib name="value" value="70"/></item>
<item name="NUM_LOGIC_O5ANDO6" rev="7">
<attrib name="value" value="12"/></item>
<item name="NUM_LOGIC_O5ONLY" rev="7">
<attrib name="value" value="41"/></item>
<item name="NUM_LOGIC_O6ONLY" rev="7">
<attrib name="value" value="142"/></item>
<item name="NUM_LUT_RT_DRIVES_CARRY4" rev="7">
<attrib name="value" value="4"/></item>
<item name="NUM_LUT_RT_EXO6" rev="7">
<attrib name="value" value="4"/></item>
<item name="NUM_LUT_RT_O5" rev="7">
<attrib name="value" value="1"/></item>
<item name="NUM_LUT_RT_O6" rev="7">
<attrib name="value" value="41"/></item>
<item name="NUM_OLOGIC2" rev="7">
<attrib name="value" value="1"/></item>
<item name="NUM_SLICEL" rev="7">
<attrib name="value" value="25"/></item>
<item name="NUM_SLICEX" rev="7">
<attrib name="value" value="57"/></item>
<item name="NUM_SLICE_CARRY4" rev="7">
<attrib name="value" value="16"/></item>
<item name="NUM_SLICE_CONTROLSET" rev="7">
<attrib name="value" value="11"/></item>
<item name="NUM_SLICE_CYINIT" rev="7">
<attrib name="value" value="257"/></item>
<item name="NUM_SLICE_F7MUX" rev="7">
<attrib name="value" value="9"/></item>
<item name="NUM_SLICE_FF" rev="7">
<attrib name="value" value="138"/></item>
<item name="NUM_SLICE_UNUSEDCTRL" rev="7">
<attrib name="value" value="40"/></item>
<item name="NUM_STARTUP" rev="7">
<attrib name="value" value="1"/></item>
<item name="NUM_UNUSABLE_FF_BELS" rev="7">
<attrib name="value" value="14"/></item>
<item name="Xilinx Core c_counter_binary_v11_0, Xilinx CORE Generator 14.7" rev="7">
<attrib name="value" value="3"/></item>
</group>
</DesignStatistics>
<DeviceUsage TimeStamp="Mon Oct 17 12:51:34 2022"><group name="SiteSummary">
<item name="BUFG" rev="8">
<attrib name="total" value="1000000"/><attrib name="used" value="6"/></item>
<item name="BUFG_BUFG" rev="8">
<attrib name="total" value="1000000"/><attrib name="used" value="6"/></item>
<item name="BUFIO2" rev="8">
<attrib name="total" value="1000000"/><attrib name="used" value="1"/></item>
<item name="BUFIO2FB" rev="8">
<attrib name="total" value="1000000"/><attrib name="used" value="1"/></item>
<item name="BUFIO2FB_BUFIO2FB" rev="8">
<attrib name="total" value="1000000"/><attrib name="used" value="1"/></item>
<item name="BUFIO2_BUFIO2" rev="8">
<attrib name="total" value="1000000"/><attrib name="used" value="1"/></item>
<item name="CARRY4" rev="8">
<attrib name="total" value="1000000"/><attrib name="used" value="16"/></item>
<item name="DCM" rev="8">
<attrib name="total" value="1000000"/><attrib name="used" value="1"/></item>
<item name="DCM_DCM" rev="8">
<attrib name="total" value="1000000"/><attrib name="used" value="1"/></item>
<item name="FF_SR" rev="8">
<attrib name="total" value="1000000"/><attrib name="used" value="1"/></item>
<item name="HARD0" rev="8">
<attrib name="total" value="1000000"/><attrib name="used" value="6"/></item>
<item name="ILOGIC2" rev="8">
<attrib name="total" value="1000000"/><attrib name="used" value="2"/></item>
<item name="ILOGIC2_IFF" rev="8">
<attrib name="total" value="1000000"/><attrib name="used" value="2"/></item>
<item name="INVERTER" rev="8">
<attrib name="total" value="1000000"/><attrib name="used" value="1"/></item>
<item name="IOB" rev="8">
<attrib name="total" value="1000000"/><attrib name="used" value="70"/></item>
<item name="IOB_IMUX" rev="8">
<attrib name="total" value="1000000"/><attrib name="used" value="30"/></item>
<item name="IOB_INBUF" rev="8">
<attrib name="total" value="1000000"/><attrib name="used" value="30"/></item>
<item name="IOB_OUTBUF" rev="8">
<attrib name="total" value="1000000"/><attrib name="used" value="48"/></item>
<item name="LUT5" rev="8">
<attrib name="total" value="1000000"/><attrib name="used" value="54"/></item>
<item name="LUT6" rev="8">
<attrib name="total" value="1000000"/><attrib name="used" value="199"/></item>
<item name="OLOGIC2" rev="8">
<attrib name="total" value="1000000"/><attrib name="used" value="1"/></item>
<item name="OLOGIC2_OUTFF" rev="8">
<attrib name="total" value="1000000"/><attrib name="used" value="1"/></item>
<item name="PAD" rev="8">
<attrib name="total" value="1000000"/><attrib name="used" value="70"/></item>
<item name="PULL_OR_KEEP1" rev="8">
<attrib name="total" value="1000000"/><attrib name="used" value="4"/></item>
<item name="REG_SR" rev="8">
<attrib name="total" value="1000000"/><attrib name="used" value="137"/></item>
<item name="SELMUX2_1" rev="8">
<attrib name="total" value="1000000"/><attrib name="used" value="11"/></item>
<item name="SLICEL" rev="8">
<attrib name="total" value="1000000"/><attrib name="used" value="25"/></item>
<item name="SLICEX" rev="8">
<attrib name="total" value="1000000"/><attrib name="used" value="57"/></item>
<item name="STARTUP" rev="8">
<attrib name="total" value="1000000"/><attrib name="used" value="1"/></item>
<item name="STARTUP_STARTUP" rev="8">
<attrib name="total" value="1000000"/><attrib name="used" value="1"/></item>
</group>
</DeviceUsage>
<ReportConfigData TimeStamp="Mon Oct 17 12:51:34 2022"><group name="REG_SR">
<item name="CK" rev="8">
<attrib name="CK" value="137"/><attrib name="CK_INV" value="0"/></item>
<item name="LATCH_OR_FF" rev="8">
<attrib name="FF" value="137"/></item>
<item name="SRINIT" rev="8">
<attrib name="SRINIT0" value="137"/></item>
<item name="SYNC_ATTR" rev="8">
<attrib name="ASYNC" value="93"/><attrib name="SYNC" value="44"/></item>
</group>
<group name="SLICEL">
<item name="CLK" rev="8">
<attrib name="CLK" value="17"/><attrib name="CLK_INV" value="0"/></item>
</group>
<group name="IOB_OUTBUF">
<item name="DRIVEATTRBOX" rev="8">
<attrib name="12" value="48"/></item>
<item name="SLEW" rev="8">
<attrib name="SLOW" value="48"/></item>
<item name="SUSPEND" rev="8">
<attrib name="3STATE" value="48"/></item>
</group>
<group name="SLICEX">
<item name="CLK" rev="8">
<attrib name="CLK" value="25"/><attrib name="CLK_INV" value="0"/></item>
</group>
<group name="PULL_OR_KEEP1">
<item name="PULLTYPE" rev="8">
<attrib name="PULLDOWN" value="4"/></item>
</group>
<group name="ILOGIC2_IFF">
<item name="CLK0" rev="8">
<attrib name="CLK0_INV" value="0"/><attrib name="CLK0" value="2"/></item>
<item name="IFFTYPE" rev="8">
<attrib name="FF" value="2"/></item>
<item name="SRINIT_Q" rev="8">
<attrib name="0" value="2"/></item>
</group>
<group name="BUFIO2FB_BUFIO2FB">
<item name="DIVIDE_BYPASS" rev="8">
<attrib name="TRUE" value="1"/></item>
<item name="INVERT_INPUTS" rev="8">
<attrib name="FALSE" value="1"/></item>
</group>
<group name="OLOGIC2">
<item name="CLK0" rev="8">
<attrib name="CLK0_INV" value="1"/><attrib name="CLK0" value="0"/></item>
<item name="CLK1" rev="8">
<attrib name="CLK1" value="1"/><attrib name="CLK1_INV" value="0"/></item>
</group>
<group name="BUFIO2_BUFIO2">
<item name="DIVIDE" rev="8">
<attrib name="1" value="1"/></item>
<item name="DIVIDE_BYPASS" rev="8">
<attrib name="TRUE" value="1"/></item>
<item name="I_INVERT" rev="8">
<attrib name="FALSE" value="1"/></item>
</group>
<group name="OLOGIC2_OUTFF">
<item name="CK0" rev="8">
<attrib name="CK0_INV" value="1"/><attrib name="CK0" value="0"/></item>
<item name="CK1" rev="8">
<attrib name="CK1_INV" value="0"/><attrib name="CK1" value="1"/></item>
<item name="DDR_ALIGNMENT" rev="8">
<attrib name="NONE" value="1"/></item>
<item name="OUTFFTYPE" rev="8">
<attrib name="DDR" value="1"/></item>
<item name="SRINIT_OQ" rev="8">
<attrib name="0" value="1"/></item>
<item name="SRTYPE_OQ" rev="8">
<attrib name="SYNC" value="1"/></item>
</group>
<group name="ILOGIC2">
<item name="CLK0" rev="8">
<attrib name="CLK0_INV" value="0"/><attrib name="CLK0" value="2"/></item>
</group>
<group name="DCM_DCM">
<item name="CLKDV_DIVIDE" rev="8">
<attrib name="10.0" value="1"/></item>
<item name="CLKIN_DIVIDE_BY_2" rev="8">
<attrib name="TRUE" value="1"/></item>
<item name="CLKOUT_PHASE_SHIFT" rev="8">
<attrib name="NONE" value="1"/></item>
<item name="CLK_FEEDBACK" rev="8">
<attrib name="2X" value="1"/></item>
<item name="DESKEW_ADJUST" rev="8">
<attrib name="5" value="1"/></item>
<item name="DFS_FREQUENCY_MODE" rev="8">
<attrib name="LOW" value="1"/></item>
<item name="DLL_FREQUENCY_MODE" rev="8">
<attrib name="LOW" value="1"/></item>
<item name="DSS_MODE" rev="8">
<attrib name="NONE" value="1"/></item>
<item name="DUTY_CYCLE_CORRECTION" rev="8">
<attrib name="TRUE" value="1"/></item>
<item name="PSCLK" rev="8">
<attrib name="PSCLK_INV" value="0"/><attrib name="PSCLK" value="1"/></item>
<item name="PSEN" rev="8">
<attrib name="PSEN_INV" value="0"/><attrib name="PSEN" value="1"/></item>
<item name="PSINCDEC" rev="8">
<attrib name="PSINCDEC" value="1"/><attrib name="PSINCDEC_INV" value="0"/></item>
<item name="RST" rev="8">
<attrib name="RST" value="1"/><attrib name="RST_INV" value="0"/></item>
<item name="STARTUP_WAIT" rev="8">
<attrib name="FALSE" value="1"/></item>
<item name="VERY_HIGH_FREQUENCY" rev="8">
<attrib name="FALSE" value="1"/></item>
</group>
<group name="FF_SR">
<item name="CK" rev="8">
<attrib name="CK" value="1"/><attrib name="CK_INV" value="0"/></item>
<item name="SRINIT" rev="8">
<attrib name="SRINIT0" value="1"/></item>
<item name="SYNC_ATTR" rev="8">
<attrib name="ASYNC" value="1"/></item>
</group>
<group name="DCM">
<item name="PSCLK" rev="8">
<attrib name="PSCLK_INV" value="0"/><attrib name="PSCLK" value="1"/></item>
<item name="PSEN" rev="8">
<attrib name="PSEN_INV" value="0"/><attrib name="PSEN" value="1"/></item>
<item name="PSINCDEC" rev="8">
<attrib name="PSINCDEC" value="1"/><attrib name="PSINCDEC_INV" value="0"/></item>
<item name="RST" rev="8">
<attrib name="RST" value="1"/><attrib name="RST_INV" value="0"/></item>
</group>
</ReportConfigData>
<ReportPinData TimeStamp="Mon Oct 17 12:51:34 2022"><group name="BUFIO2">
<item name="DIVCLK" rev="8">
<attrib name="value" value="1"/></item>
<item name="I" rev="8">
<attrib name="value" value="1"/></item>
</group>
<group name="REG_SR">
<item name="CE" rev="8">
<attrib name="value" value="76"/></item>
<item name="CK" rev="8">
<attrib name="value" value="137"/></item>
<item name="D" rev="8">
<attrib name="value" value="137"/></item>
<item name="Q" rev="8">
<attrib name="value" value="137"/></item>
<item name="SR" rev="8">
<attrib name="value" value="34"/></item>
</group>
<group name="SLICEL">
<item name="A" rev="8">
<attrib name="value" value="5"/></item>
<item name="A1" rev="8">
<attrib name="value" value="3"/></item>
<item name="A2" rev="8">
<attrib name="value" value="3"/></item>
<item name="A3" rev="8">
<attrib name="value" value="4"/></item>
<item name="A4" rev="8">
<attrib name="value" value="21"/></item>
<item name="A5" rev="8">
<attrib name="value" value="6"/></item>
<item name="A6" rev="8">
<attrib name="value" value="20"/></item>
<item name="AQ" rev="8">
<attrib name="value" value="17"/></item>
<item name="AX" rev="8">
<attrib name="value" value="3"/></item>
<item name="B" rev="8">
<attrib name="value" value="5"/></item>
<item name="B1" rev="8">
<attrib name="value" value="5"/></item>
<item name="B2" rev="8">
<attrib name="value" value="5"/></item>
<item name="B3" rev="8">
<attrib name="value" value="5"/></item>
<item name="B4" rev="8">
<attrib name="value" value="20"/></item>
<item name="B5" rev="8">
<attrib name="value" value="5"/></item>
<item name="B6" rev="8">
<attrib name="value" value="18"/></item>
<item name="BQ" rev="8">
<attrib name="value" value="16"/></item>
<item name="BX" rev="8">
<attrib name="value" value="3"/></item>
<item name="C1" rev="8">
<attrib name="value" value="4"/></item>
<item name="C2" rev="8">
<attrib name="value" value="4"/></item>
<item name="C3" rev="8">
<attrib name="value" value="5"/></item>
<item name="C4" rev="8">
<attrib name="value" value="21"/></item>
<item name="C5" rev="8">
<attrib name="value" value="8"/></item>
<item name="C6" rev="8">
<attrib name="value" value="21"/></item>
<item name="CE" rev="8">
<attrib name="value" value="3"/></item>
<item name="CIN" rev="8">
<attrib name="value" value="11"/></item>
<item name="CLK" rev="8">
<attrib name="value" value="17"/></item>
<item name="CMUX" rev="8">
<attrib name="value" value="9"/></item>
<item name="COUT" rev="8">
<attrib name="value" value="11"/></item>
<item name="CQ" rev="8">
<attrib name="value" value="13"/></item>
<item name="CX" rev="8">
<attrib name="value" value="11"/></item>
<item name="D" rev="8">
<attrib name="value" value="1"/></item>
<item name="D1" rev="8">
<attrib name="value" value="4"/></item>
<item name="D2" rev="8">
<attrib name="value" value="8"/></item>
<item name="D3" rev="8">
<attrib name="value" value="9"/></item>
<item name="D4" rev="8">
<attrib name="value" value="22"/></item>
<item name="D5" rev="8">
<attrib name="value" value="9"/></item>
<item name="D6" rev="8">
<attrib name="value" value="21"/></item>
<item name="DQ" rev="8">
<attrib name="value" value="13"/></item>
<item name="DX" rev="8">
<attrib name="value" value="1"/></item>
<item name="SR" rev="8">
<attrib name="value" value="8"/></item>
</group>
<group name="IOB_OUTBUF">
<item name="IN" rev="8">
<attrib name="value" value="48"/></item>
<item name="OUT" rev="8">
<attrib name="value" value="48"/></item>
<item name="TRI" rev="8">
<attrib name="value" value="12"/></item>
</group>
<group name="SLICEX">
<item name="A" rev="8">
<attrib name="value" value="38"/></item>
<item name="A1" rev="8">
<attrib name="value" value="27"/></item>
<item name="A2" rev="8">
<attrib name="value" value="32"/></item>
<item name="A3" rev="8">
<attrib name="value" value="34"/></item>
<item name="A4" rev="8">
<attrib name="value" value="36"/></item>
<item name="A5" rev="8">
<attrib name="value" value="39"/></item>
<item name="A6" rev="8">
<attrib name="value" value="40"/></item>
<item name="AMUX" rev="8">
<attrib name="value" value="2"/></item>
<item name="AQ" rev="8">
<attrib name="value" value="21"/></item>
<item name="AX" rev="8">
<attrib name="value" value="19"/></item>
<item name="B" rev="8">
<attrib name="value" value="21"/></item>
<item name="B1" rev="8">
<attrib name="value" value="11"/></item>
<item name="B2" rev="8">
<attrib name="value" value="16"/></item>
<item name="B3" rev="8">
<attrib name="value" value="17"/></item>
<item name="B4" rev="8">
<attrib name="value" value="22"/></item>
<item name="B5" rev="8">
<attrib name="value" value="22"/></item>
<item name="B6" rev="8">
<attrib name="value" value="22"/></item>
<item name="BMUX" rev="8">
<attrib name="value" value="1"/></item>
<item name="BQ" rev="8">
<attrib name="value" value="18"/></item>
<item name="BX" rev="8">
<attrib name="value" value="17"/></item>
<item name="C" rev="8">
<attrib name="value" value="18"/></item>
<item name="C1" rev="8">
<attrib name="value" value="12"/></item>
<item name="C2" rev="8">
<attrib name="value" value="13"/></item>
<item name="C3" rev="8">
<attrib name="value" value="14"/></item>
<item name="C4" rev="8">
<attrib name="value" value="18"/></item>
<item name="C5" rev="8">
<attrib name="value" value="19"/></item>
<item name="C6" rev="8">
<attrib name="value" value="19"/></item>
<item name="CE" rev="8">
<attrib name="value" value="17"/></item>
<item name="CLK" rev="8">
<attrib name="value" value="25"/></item>
<item name="CQ" rev="8">
<attrib name="value" value="20"/></item>
<item name="CX" rev="8">
<attrib name="value" value="18"/></item>
<item name="D" rev="8">
<attrib name="value" value="31"/></item>
<item name="D1" rev="8">
<attrib name="value" value="15"/></item>
<item name="D2" rev="8">
<attrib name="value" value="21"/></item>
<item name="D3" rev="8">
<attrib name="value" value="23"/></item>
<item name="D4" rev="8">
<attrib name="value" value="31"/></item>
<item name="D5" rev="8">
<attrib name="value" value="32"/></item>
<item name="D6" rev="8">
<attrib name="value" value="32"/></item>
<item name="DMUX" rev="8">
<attrib name="value" value="5"/></item>
<item name="DQ" rev="8">
<attrib name="value" value="19"/></item>
<item name="DX" rev="8">
<attrib name="value" value="18"/></item>
<item name="SR" rev="8">
<attrib name="value" value="2"/></item>
</group>
<group name="BUFG_BUFG">
<item name="I0" rev="8">
<attrib name="value" value="6"/></item>
<item name="O" rev="8">
<attrib name="value" value="6"/></item>
</group>
<group name="PULL_OR_KEEP1">
<item name="PAD" rev="8">
<attrib name="value" value="4"/></item>
</group>
<group name="ILOGIC2_IFF">
<item name="CLK0" rev="8">
<attrib name="value" value="2"/></item>
<item name="D" rev="8">
<attrib name="value" value="2"/></item>
<item name="Q1" rev="8">
<attrib name="value" value="2"/></item>
</group>
<group name="PAD">
<item name="PAD" rev="8">
<attrib name="value" value="70"/></item>
</group>
<group name="BUFIO2FB">
<item name="I" rev="8">
<attrib name="value" value="1"/></item>
<item name="O" rev="8">
<attrib name="value" value="1"/></item>
</group>
<group name="BUFIO2FB_BUFIO2FB">
<item name="I" rev="8">
<attrib name="value" value="1"/></item>
<item name="O" rev="8">
<attrib name="value" value="1"/></item>
</group>
<group name="IOB_INBUF">
<item name="OUT" rev="8">
<attrib name="value" value="30"/></item>
<item name="PAD" rev="8">
<attrib name="value" value="30"/></item>
</group>
<group name="OLOGIC2">
<item name="CLK0" rev="8">
<attrib name="value" value="1"/></item>
<item name="CLK1" rev="8">
<attrib name="value" value="1"/></item>
<item name="D1" rev="8">
<attrib name="value" value="1"/></item>
<item name="D2" rev="8">
<attrib name="value" value="1"/></item>
<item name="OCE" rev="8">
<attrib name="value" value="1"/></item>
<item name="OQ" rev="8">
<attrib name="value" value="1"/></item>
<item name="SR" rev="8">
<attrib name="value" value="1"/></item>
</group>
<group name="CARRY4">
<item name="CIN" rev="8">
<attrib name="value" value="11"/></item>
<item name="CO3" rev="8">
<attrib name="value" value="11"/></item>
<item name="CYINIT" rev="8">
<attrib name="value" value="5"/></item>
<item name="DI0" rev="8">
<attrib name="value" value="15"/></item>
<item name="DI1" rev="8">
<attrib name="value" value="13"/></item>
<item name="DI2" rev="8">
<attrib name="value" value="13"/></item>
<item name="DI3" rev="8">
<attrib name="value" value="11"/></item>
<item name="O0" rev="8">
<attrib name="value" value="16"/></item>
<item name="O1" rev="8">
<attrib name="value" value="15"/></item>
<item name="O2" rev="8">
<attrib name="value" value="13"/></item>
<item name="O3" rev="8">
<attrib name="value" value="13"/></item>
<item name="S0" rev="8">
<attrib name="value" value="16"/></item>
<item name="S1" rev="8">
<attrib name="value" value="15"/></item>
<item name="S2" rev="8">
<attrib name="value" value="13"/></item>
<item name="S3" rev="8">
<attrib name="value" value="13"/></item>
</group>
<group name="BUFIO2_BUFIO2">
<item name="DIVCLK" rev="8">
<attrib name="value" value="1"/></item>
<item name="I" rev="8">
<attrib name="value" value="1"/></item>
</group>
<group name="OLOGIC2_OUTFF">
<item name="CE" rev="8">
<attrib name="value" value="1"/></item>
<item name="CK0" rev="8">
<attrib name="value" value="1"/></item>
<item name="CK1" rev="8">
<attrib name="value" value="1"/></item>
<item name="D1" rev="8">
<attrib name="value" value="1"/></item>
<item name="D2" rev="8">
<attrib name="value" value="1"/></item>
<item name="Q" rev="8">
<attrib name="value" value="1"/></item>
<item name="SR" rev="8">
<attrib name="value" value="1"/></item>
</group>
<group name="LUT5">
<item name="A1" rev="8">
<attrib name="value" value="2"/></item>
<item name="A2" rev="8">
<attrib name="value" value="3"/></item>
<item name="A3" rev="8">
<attrib name="value" value="4"/></item>
<item name="A4" rev="8">
<attrib name="value" value="7"/></item>
<item name="A5" rev="8">
<attrib name="value" value="6"/></item>
<item name="O5" rev="8">
<attrib name="value" value="54"/></item>
</group>
<group name="LUT6">
<item name="A1" rev="8">
<attrib name="value" value="79"/></item>
<item name="A2" rev="8">
<attrib name="value" value="100"/></item>
<item name="A3" rev="8">
<attrib name="value" value="109"/></item>
<item name="A4" rev="8">
<attrib name="value" value="191"/></item>
<item name="A5" rev="8">
<attrib name="value" value="140"/></item>
<item name="A6" rev="8">
<attrib name="value" value="193"/></item>
<item name="O6" rev="8">
<attrib name="value" value="199"/></item>
</group>
<group name="STARTUP_STARTUP">
<item name="CLK" rev="8">
<attrib name="value" value="1"/></item>
<item name="GSR" rev="8">
<attrib name="value" value="1"/></item>
<item name="GTS" rev="8">
<attrib name="value" value="1"/></item>
<item name="KEYCLEARB" rev="8">
<attrib name="value" value="1"/></item>
</group>
<group name="SELMUX2_1">
<item name="0" rev="8">
<attrib name="value" value="11"/></item>
<item name="1" rev="8">
<attrib name="value" value="9"/></item>
<item name="OUT" rev="8">
<attrib name="value" value="11"/></item>
<item name="S0" rev="8">
<attrib name="value" value="11"/></item>
</group>
<group name="STARTUP">
<item name="CLK" rev="8">
<attrib name="value" value="1"/></item>
<item name="GSR" rev="8">
<attrib name="value" value="1"/></item>
<item name="GTS" rev="8">
<attrib name="value" value="1"/></item>
<item name="KEYCLEARB" rev="8">
<attrib name="value" value="1"/></item>
</group>
<group name="INVERTER">
<item name="IN" rev="8">
<attrib name="value" value="1"/></item>
<item name="OUT" rev="8">
<attrib name="value" value="1"/></item>
</group>
<group name="IOB_IMUX">
<item name="I" rev="8">
<attrib name="value" value="29"/></item>
<item name="I_B" rev="8">
<attrib name="value" value="1"/></item>
<item name="OUT" rev="8">
<attrib name="value" value="30"/></item>
</group>
<group name="ILOGIC2">
<item name="CLK0" rev="8">
<attrib name="value" value="2"/></item>
<item name="D" rev="8">
<attrib name="value" value="2"/></item>
<item name="Q4" rev="8">
<attrib name="value" value="2"/></item>
</group>
<group name="IOB">
<item name="I" rev="8">
<attrib name="value" value="30"/></item>
<item name="O" rev="8">
<attrib name="value" value="48"/></item>
<item name="PAD" rev="8">
<attrib name="value" value="70"/></item>
<item name="T" rev="8">
<attrib name="value" value="12"/></item>
</group>
<group name="DCM_DCM">
<item name="CLK2X" rev="8">
<attrib name="value" value="1"/></item>
<item name="CLKFB" rev="8">
<attrib name="value" value="1"/></item>
<item name="CLKFX" rev="8">
<attrib name="value" value="1"/></item>
<item name="CLKIN" rev="8">
<attrib name="value" value="1"/></item>
<item name="LOCKED" rev="8">
<attrib name="value" value="1"/></item>
<item name="PSCLK" rev="8">
<attrib name="value" value="1"/></item>
<item name="PSEN" rev="8">
<attrib name="value" value="1"/></item>
<item name="PSINCDEC" rev="8">
<attrib name="value" value="1"/></item>
<item name="RST" rev="8">
<attrib name="value" value="1"/></item>
</group>
<group name="HARD0">
<item name="0" rev="8">
<attrib name="value" value="6"/></item>
</group>
<group name="FF_SR">
<item name="CK" rev="8">
<attrib name="value" value="1"/></item>
<item name="D" rev="8">
<attrib name="value" value="1"/></item>
<item name="Q" rev="8">
<attrib name="value" value="1"/></item>
</group>
<group name="BUFG">
<item name="I0" rev="8">
<attrib name="value" value="6"/></item>
<item name="O" rev="8">
<attrib name="value" value="6"/></item>
</group>
<group name="DCM">
<item name="CLK2X" rev="8">
<attrib name="value" value="1"/></item>
<item name="CLKFB" rev="8">
<attrib name="value" value="1"/></item>
<item name="CLKFX" rev="8">
<attrib name="value" value="1"/></item>
<item name="CLKIN" rev="8">
<attrib name="value" value="1"/></item>
<item name="LOCKED" rev="8">
<attrib name="value" value="1"/></item>
<item name="PSCLK" rev="8">
<attrib name="value" value="1"/></item>
<item name="PSEN" rev="8">
<attrib name="value" value="1"/></item>
<item name="PSINCDEC" rev="8">
<attrib name="value" value="1"/></item>
<item name="RST" rev="8">
<attrib name="value" value="1"/></item>
</group>
</ReportPinData>
<CmdHistory>
</CmdHistory>
</DeviceUsageSummary>
