<?xml version="1.0" encoding="UTF-8"?>
<!-- IMPORTANT: This is an internal file that has been generated
     by the Xilinx ISE software.  Any direct editing or
     changes made to this file may result in unpredictable
     behavior or data corruption.  It is strongly advised that
     users do not edit the contents of this file. -->
<DeviceUsageSummary rev="2">
<DesignStatistics TimeStamp="Tue Nov 22 19:32:05 2022"><group name="NetStatistics">
<item name="NumNets_Active" rev="2">
<attrib name="value" value="503"/></item>
<item name="NumNets_Gnd" rev="2">
<attrib name="value" value="1"/></item>
<item name="NumNets_Vcc" rev="2">
<attrib name="value" value="1"/></item>
<item name="NumNodesOfType_Active_BOUNCEACROSS" rev="2">
<attrib name="value" value="4"/></item>
<item name="NumNodesOfType_Active_BOUNCEIN" rev="2">
<attrib name="value" value="46"/></item>
<item name="NumNodesOfType_Active_BUFGOUT" rev="2">
<attrib name="value" value="7"/></item>
<item name="NumNodesOfType_Active_BUFHINP2OUT" rev="2">
<attrib name="value" value="12"/></item>
<item name="NumNodesOfType_Active_BUFIOINP" rev="2">
<attrib name="value" value="2"/></item>
<item name="NumNodesOfType_Active_CLKPIN" rev="2">
<attrib name="value" value="85"/></item>
<item name="NumNodesOfType_Active_CLKPINFEED" rev="2">
<attrib name="value" value="32"/></item>
<item name="NumNodesOfType_Active_CNTRLPIN" rev="2">
<attrib name="value" value="65"/></item>
<item name="NumNodesOfType_Active_DOUBLE" rev="2">
<attrib name="value" value="377"/></item>
<item name="NumNodesOfType_Active_GENERIC" rev="2">
<attrib name="value" value="71"/></item>
<item name="NumNodesOfType_Active_GLOBAL" rev="2">
<attrib name="value" value="80"/></item>
<item name="NumNodesOfType_Active_INPUT" rev="2">
<attrib name="value" value="28"/></item>
<item name="NumNodesOfType_Active_IOBIN2OUT" rev="2">
<attrib name="value" value="54"/></item>
<item name="NumNodesOfType_Active_IOBOUTPUT" rev="2">
<attrib name="value" value="51"/></item>
<item name="NumNodesOfType_Active_LUTINPUT" rev="2">
<attrib name="value" value="751"/></item>
<item name="NumNodesOfType_Active_OUTBOUND" rev="2">
<attrib name="value" value="423"/></item>
<item name="NumNodesOfType_Active_OUTPUT" rev="2">
<attrib name="value" value="410"/></item>
<item name="NumNodesOfType_Active_PADINPUT" rev="2">
<attrib name="value" value="34"/></item>
<item name="NumNodesOfType_Active_PADOUTPUT" rev="2">
<attrib name="value" value="17"/></item>
<item name="NumNodesOfType_Active_PINBOUNCE" rev="2">
<attrib name="value" value="236"/></item>
<item name="NumNodesOfType_Active_PINFEED" rev="2">
<attrib name="value" value="921"/></item>
<item name="NumNodesOfType_Active_PINFEED1" rev="2">
<attrib name="value" value="1"/></item>
<item name="NumNodesOfType_Active_PINFEED2" rev="2">
<attrib name="value" value="7"/></item>
<item name="NumNodesOfType_Active_QUAD" rev="2">
<attrib name="value" value="310"/></item>
<item name="NumNodesOfType_Active_REGINPUT" rev="2">
<attrib name="value" value="118"/></item>
<item name="NumNodesOfType_Active_SINGLE" rev="2">
<attrib name="value" value="505"/></item>
<item name="NumNodesOfType_Vcc_CNTRLPIN" rev="2">
<attrib name="value" value="1"/></item>
<item name="NumNodesOfType_Vcc_GENERIC" rev="2">
<attrib name="value" value="5"/></item>
<item name="NumNodesOfType_Vcc_HVCCOUT" rev="2">
<attrib name="value" value="36"/></item>
<item name="NumNodesOfType_Vcc_INPUT" rev="2">
<attrib name="value" value="1"/></item>
<item name="NumNodesOfType_Vcc_IOBIN2OUT" rev="2">
<attrib name="value" value="6"/></item>
<item name="NumNodesOfType_Vcc_IOBOUTPUT" rev="2">
<attrib name="value" value="5"/></item>
<item name="NumNodesOfType_Vcc_KVCCOUT" rev="2">
<attrib name="value" value="2"/></item>
<item name="NumNodesOfType_Vcc_LUTINPUT" rev="2">
<attrib name="value" value="67"/></item>
<item name="NumNodesOfType_Vcc_PADINPUT" rev="2">
<attrib name="value" value="5"/></item>
<item name="NumNodesOfType_Vcc_PINBOUNCE" rev="2">
<attrib name="value" value="1"/></item>
<item name="NumNodesOfType_Vcc_PINFEED" rev="2">
<attrib name="value" value="75"/></item>
<item name="NumNodesOfType_Vcc_REGINPUT" rev="2">
<attrib name="value" value="1"/></item>
</group>
<group name="SiteStatistics">
<item name="BUFG-BUFGMUX" rev="2">
<attrib name="value" value="7"/></item>
<item name="IOB-IOBM" rev="2">
<attrib name="value" value="32"/></item>
<item name="IOB-IOBS" rev="2">
<attrib name="value" value="38"/></item>
<item name="SLICEL-SLICEM" rev="2">
<attrib name="value" value="15"/></item>
<item name="SLICEX-SLICEL" rev="2">
<attrib name="value" value="22"/></item>
<item name="SLICEX-SLICEM" rev="2">
<attrib name="value" value="30"/></item>
</group>
<group name="MiscellaneousStatistics">
<item name="AGG_BONDED_IO" rev="1">
<attrib name="value" value="70"/></item>
<item name="AGG_IO" rev="1">
<attrib name="value" value="70"/></item>
<item name="AGG_LOCED_IO" rev="1">
<attrib name="value" value="70"/></item>
<item name="AGG_SLICE" rev="1">
<attrib name="value" value="110"/></item>
<item name="NUM_BONDED_IOB" rev="1">
<attrib name="value" value="70"/></item>
<item name="NUM_BSFULL" rev="1">
<attrib name="value" value="160"/></item>
<item name="NUM_BSLUTONLY" rev="1">
<attrib name="value" value="74"/></item>
<item name="NUM_BSREGONLY" rev="1">
<attrib name="value" value="80"/></item>
<item name="NUM_BSUSED" rev="1">
<attrib name="value" value="314"/></item>
<item name="NUM_BUFG" rev="1">
<attrib name="value" value="7"/></item>
<item name="NUM_BUFIO2" rev="1">
<attrib name="value" value="1"/></item>
<item name="NUM_BUFIO2FB" rev="1">
<attrib name="value" value="1"/></item>
<item name="NUM_DCM" rev="1">
<attrib name="value" value="1"/></item>
<item name="NUM_DSP48A1" rev="1">
<attrib name="value" value="1"/></item>
<item name="NUM_ILOGIC2" rev="1">
<attrib name="value" value="4"/></item>
<item name="NUM_IOB_FF" rev="1">
<attrib name="value" value="5"/></item>
<item name="NUM_LOCED_IOB" rev="1">
<attrib name="value" value="70"/></item>
<item name="NUM_LOGIC_O5ANDO6" rev="1">
<attrib name="value" value="30"/></item>
<item name="NUM_LOGIC_O5ONLY" rev="1">
<attrib name="value" value="28"/></item>
<item name="NUM_LOGIC_O6ONLY" rev="1">
<attrib name="value" value="169"/></item>
<item name="NUM_LUT_RT_DRIVES_CARRY4" rev="1">
<attrib name="value" value="3"/></item>
<item name="NUM_LUT_RT_DRIVES_FLOP" rev="1">
<attrib name="value" value="4"/></item>
<item name="NUM_LUT_RT_EXO5" rev="1">
<attrib name="value" value="4"/></item>
<item name="NUM_LUT_RT_EXO6" rev="1">
<attrib name="value" value="3"/></item>
<item name="NUM_LUT_RT_O5" rev="1">
<attrib name="value" value="9"/></item>
<item name="NUM_LUT_RT_O6" rev="1">
<attrib name="value" value="28"/></item>
<item name="NUM_OLOGIC2" rev="1">
<attrib name="value" value="1"/></item>
<item name="NUM_SLICEL" rev="1">
<attrib name="value" value="20"/></item>
<item name="NUM_SLICEX" rev="1">
<attrib name="value" value="90"/></item>
<item name="NUM_SLICE_CARRY4" rev="1">
<attrib name="value" value="12"/></item>
<item name="NUM_SLICE_CONTROLSET" rev="1">
<attrib name="value" value="27"/></item>
<item name="NUM_SLICE_CYINIT" rev="1">
<attrib name="value" value="304"/></item>
<item name="NUM_SLICE_F7MUX" rev="1">
<attrib name="value" value="8"/></item>
<item name="NUM_SLICE_FF" rev="1">
<attrib name="value" value="257"/></item>
<item name="NUM_SLICE_UNUSEDCTRL" rev="1">
<attrib name="value" value="28"/></item>
<item name="NUM_STARTUP" rev="1">
<attrib name="value" value="1"/></item>
<item name="NUM_UNUSABLE_FF_BELS" rev="1">
<attrib name="value" value="71"/></item>
<item name="Xilinx Core c_addsub_v11_0, Xilinx CORE Generator 14.7" rev="1">
<attrib name="value" value="1"/></item>
<item name="Xilinx Core c_counter_binary_v11_0, Xilinx CORE Generator 14.4" rev="1">
<attrib name="value" value="1"/></item>
<item name="Xilinx Core c_counter_binary_v11_0, Xilinx CORE Generator 14.7" rev="1">
<attrib name="value" value="1"/></item>
<item name="Xilinx Core mult_gen_v11_2, Xilinx CORE Generator 14.7" rev="1">
<attrib name="value" value="1"/></item>
</group>
</DesignStatistics>
<DeviceUsage TimeStamp="Tue Nov 22 19:32:05 2022"><group name="SiteSummary">
<item name="BUFG" rev="2">
<attrib name="total" value="1000000"/><attrib name="used" value="7"/></item>
<item name="BUFG_BUFG" rev="2">
<attrib name="total" value="1000000"/><attrib name="used" value="7"/></item>
<item name="BUFIO2" rev="2">
<attrib name="total" value="1000000"/><attrib name="used" value="1"/></item>
<item name="BUFIO2FB" rev="2">
<attrib name="total" value="1000000"/><attrib name="used" value="1"/></item>
<item name="BUFIO2FB_BUFIO2FB" rev="2">
<attrib name="total" value="1000000"/><attrib name="used" value="1"/></item>
<item name="BUFIO2_BUFIO2" rev="2">
<attrib name="total" value="1000000"/><attrib name="used" value="1"/></item>
<item name="CARRY4" rev="2">
<attrib name="total" value="1000000"/><attrib name="used" value="12"/></item>
<item name="DCM" rev="2">
<attrib name="total" value="1000000"/><attrib name="used" value="1"/></item>
<item name="DCM_DCM" rev="2">
<attrib name="total" value="1000000"/><attrib name="used" value="1"/></item>
<item name="DSP48A1" rev="2">
<attrib name="total" value="1000000"/><attrib name="used" value="1"/></item>
<item name="DSP48A1_DSP48A1" rev="2">
<attrib name="total" value="1000000"/><attrib name="used" value="1"/></item>
<item name="FF_SR" rev="2">
<attrib name="total" value="1000000"/><attrib name="used" value="21"/></item>
<item name="HARD0" rev="2">
<attrib name="total" value="1000000"/><attrib name="used" value="7"/></item>
<item name="ILOGIC2" rev="2">
<attrib name="total" value="1000000"/><attrib name="used" value="4"/></item>
<item name="ILOGIC2_IFF" rev="2">
<attrib name="total" value="1000000"/><attrib name="used" value="4"/></item>
<item name="INVERTER" rev="2">
<attrib name="total" value="1000000"/><attrib name="used" value="1"/></item>
<item name="IOB" rev="2">
<attrib name="total" value="1000000"/><attrib name="used" value="70"/></item>
<item name="IOB_IMUX" rev="2">
<attrib name="total" value="1000000"/><attrib name="used" value="30"/></item>
<item name="IOB_INBUF" rev="2">
<attrib name="total" value="1000000"/><attrib name="used" value="30"/></item>
<item name="IOB_OUTBUF" rev="2">
<attrib name="total" value="1000000"/><attrib name="used" value="48"/></item>
<item name="LUT5" rev="2">
<attrib name="total" value="1000000"/><attrib name="used" value="71"/></item>
<item name="LUT6" rev="2">
<attrib name="total" value="1000000"/><attrib name="used" value="230"/></item>
<item name="OLOGIC2" rev="2">
<attrib name="total" value="1000000"/><attrib name="used" value="1"/></item>
<item name="OLOGIC2_OUTFF" rev="2">
<attrib name="total" value="1000000"/><attrib name="used" value="1"/></item>
<item name="PAD" rev="2">
<attrib name="total" value="1000000"/><attrib name="used" value="70"/></item>
<item name="PULL_OR_KEEP1" rev="2">
<attrib name="total" value="1000000"/><attrib name="used" value="4"/></item>
<item name="REG_SR" rev="2">
<attrib name="total" value="1000000"/><attrib name="used" value="236"/></item>
<item name="SELMUX2_1" rev="2">
<attrib name="total" value="1000000"/><attrib name="used" value="12"/></item>
<item name="SLICEL" rev="2">
<attrib name="total" value="1000000"/><attrib name="used" value="20"/></item>
<item name="SLICEX" rev="2">
<attrib name="total" value="1000000"/><attrib name="used" value="90"/></item>
<item name="STARTUP" rev="2">
<attrib name="total" value="1000000"/><attrib name="used" value="1"/></item>
<item name="STARTUP_STARTUP" rev="2">
<attrib name="total" value="1000000"/><attrib name="used" value="1"/></item>
</group>
</DeviceUsage>
<ReportConfigData TimeStamp="Tue Nov 22 19:32:05 2022"><group name="DSP48A1">
<item name="CEA" rev="2">
<attrib name="CEA_INV" value="0"/><attrib name="CEA" value="1"/></item>
<item name="CEB" rev="2">
<attrib name="CEB_INV" value="0"/><attrib name="CEB" value="1"/></item>
<item name="CEC" rev="2">
<attrib name="CEC" value="1"/><attrib name="CEC_INV" value="0"/></item>
<item name="CECARRYIN" rev="2">
<attrib name="CECARRYIN_INV" value="0"/><attrib name="CECARRYIN" value="1"/></item>
<item name="CED" rev="2">
<attrib name="CED_INV" value="0"/><attrib name="CED" value="1"/></item>
<item name="CEM" rev="2">
<attrib name="CEM_INV" value="0"/><attrib name="CEM" value="1"/></item>
<item name="CEOPMODE" rev="2">
<attrib name="CEOPMODE_INV" value="0"/><attrib name="CEOPMODE" value="1"/></item>
<item name="CEP" rev="2">
<attrib name="CEP" value="1"/><attrib name="CEP_INV" value="0"/></item>
<item name="CLK" rev="2">
<attrib name="CLK" value="1"/><attrib name="CLK_INV" value="0"/></item>
<item name="RSTA" rev="2">
<attrib name="RSTA" value="1"/><attrib name="RSTA_INV" value="0"/></item>
<item name="RSTB" rev="2">
<attrib name="RSTB" value="1"/><attrib name="RSTB_INV" value="0"/></item>
<item name="RSTC" rev="2">
<attrib name="RSTC_INV" value="0"/><attrib name="RSTC" value="1"/></item>
<item name="RSTCARRYIN" rev="2">
<attrib name="RSTCARRYIN_INV" value="0"/><attrib name="RSTCARRYIN" value="1"/></item>
<item name="RSTD" rev="2">
<attrib name="RSTD_INV" value="0"/><attrib name="RSTD" value="1"/></item>
<item name="RSTM" rev="2">
<attrib name="RSTM" value="1"/><attrib name="RSTM_INV" value="0"/></item>
<item name="RSTOPMODE" rev="2">
<attrib name="RSTOPMODE_INV" value="0"/><attrib name="RSTOPMODE" value="1"/></item>
<item name="RSTP" rev="2">
<attrib name="RSTP_INV" value="0"/><attrib name="RSTP" value="1"/></item>
</group>
<group name="REG_SR">
<item name="CK" rev="2">
<attrib name="CK" value="236"/><attrib name="CK_INV" value="0"/></item>
<item name="LATCH_OR_FF" rev="2">
<attrib name="FF" value="236"/></item>
<item name="SRINIT" rev="2">
<attrib name="SRINIT0" value="235"/><attrib name="SRINIT1" value="1"/></item>
<item name="SYNC_ATTR" rev="2">
<attrib name="ASYNC" value="145"/><attrib name="SYNC" value="91"/></item>
</group>
<group name="DSP48A1_DSP48A1">
<item name="A0REG" rev="2">
<attrib name="0" value="1"/></item>
<item name="A1REG" rev="2">
<attrib name="0" value="1"/></item>
<item name="B0REG" rev="2">
<attrib name="0" value="1"/></item>
<item name="B1REG" rev="2">
<attrib name="0" value="1"/></item>
<item name="B_INPUT" rev="2">
<attrib name="DIRECT" value="1"/></item>
<item name="CARRYINREG" rev="2">
<attrib name="0" value="1"/></item>
<item name="CARRYINSEL" rev="2">
<attrib name="OPMODE5" value="1"/></item>
<item name="CARRYOUTREG" rev="2">
<attrib name="0" value="1"/></item>
<item name="CEA" rev="2">
<attrib name="CEA_INV" value="0"/><attrib name="CEA" value="1"/></item>
<item name="CEB" rev="2">
<attrib name="CEB_INV" value="0"/><attrib name="CEB" value="1"/></item>
<item name="CEC" rev="2">
<attrib name="CEC" value="1"/><attrib name="CEC_INV" value="0"/></item>
<item name="CECARRYIN" rev="2">
<attrib name="CECARRYIN_INV" value="0"/><attrib name="CECARRYIN" value="1"/></item>
<item name="CED" rev="2">
<attrib name="CED_INV" value="0"/><attrib name="CED" value="1"/></item>
<item name="CEM" rev="2">
<attrib name="CEM_INV" value="0"/><attrib name="CEM" value="1"/></item>
<item name="CEOPMODE" rev="2">
<attrib name="CEOPMODE_INV" value="0"/><attrib name="CEOPMODE" value="1"/></item>
<item name="CEP" rev="2">
<attrib name="CEP" value="1"/><attrib name="CEP_INV" value="0"/></item>
<item name="CLK" rev="2">
<attrib name="CLK" value="1"/><attrib name="CLK_INV" value="0"/></item>
<item name="CREG" rev="2">
<attrib name="0" value="1"/></item>
<item name="DREG" rev="2">
<attrib name="0" value="1"/></item>
<item name="MREG" rev="2">
<attrib name="1" value="1"/></item>
<item name="OPMODEREG" rev="2">
<attrib name="0" value="1"/></item>
<item name="PREG" rev="2">
<attrib name="0" value="1"/></item>
<item name="RSTA" rev="2">
<attrib name="RSTA" value="1"/><attrib name="RSTA_INV" value="0"/></item>
<item name="RSTB" rev="2">
<attrib name="RSTB" value="1"/><attrib name="RSTB_INV" value="0"/></item>
<item name="RSTC" rev="2">
<attrib name="RSTC_INV" value="0"/><attrib name="RSTC" value="1"/></item>
<item name="RSTCARRYIN" rev="2">
<attrib name="RSTCARRYIN_INV" value="0"/><attrib name="RSTCARRYIN" value="1"/></item>
<item name="RSTD" rev="2">
<attrib name="RSTD_INV" value="0"/><attrib name="RSTD" value="1"/></item>
<item name="RSTM" rev="2">
<attrib name="RSTM" value="1"/><attrib name="RSTM_INV" value="0"/></item>
<item name="RSTOPMODE" rev="2">
<attrib name="RSTOPMODE_INV" value="0"/><attrib name="RSTOPMODE" value="1"/></item>
<item name="RSTP" rev="2">
<attrib name="RSTP_INV" value="0"/><attrib name="RSTP" value="1"/></item>
<item name="RSTTYPE" rev="2">
<attrib name="SYNC" value="1"/></item>
</group>
<group name="SLICEL">
<item name="CLK" rev="2">
<attrib name="CLK" value="15"/><attrib name="CLK_INV" value="0"/></item>
</group>
<group name="IOB_OUTBUF">
<item name="DRIVEATTRBOX" rev="2">
<attrib name="12" value="48"/></item>
<item name="SLEW" rev="2">
<attrib name="SLOW" value="48"/></item>
<item name="SUSPEND" rev="2">
<attrib name="3STATE" value="48"/></item>
</group>
<group name="SLICEX">
<item name="CLK" rev="2">
<attrib name="CLK" value="67"/><attrib name="CLK_INV" value="0"/></item>
</group>
<group name="PULL_OR_KEEP1">
<item name="PULLTYPE" rev="2">
<attrib name="PULLDOWN" value="4"/></item>
</group>
<group name="ILOGIC2_IFF">
<item name="CLK0" rev="2">
<attrib name="CLK0_INV" value="0"/><attrib name="CLK0" value="4"/></item>
<item name="IFFTYPE" rev="2">
<attrib name="FF" value="4"/></item>
<item name="SRINIT_Q" rev="2">
<attrib name="0" value="4"/></item>
</group>
<group name="BUFIO2FB_BUFIO2FB">
<item name="DIVIDE_BYPASS" rev="2">
<attrib name="TRUE" value="1"/></item>
<item name="INVERT_INPUTS" rev="2">
<attrib name="FALSE" value="1"/></item>
</group>
<group name="OLOGIC2">
<item name="CLK0" rev="2">
<attrib name="CLK0_INV" value="1"/><attrib name="CLK0" value="0"/></item>
<item name="CLK1" rev="2">
<attrib name="CLK1" value="1"/><attrib name="CLK1_INV" value="0"/></item>
</group>
<group name="BUFIO2_BUFIO2">
<item name="DIVIDE" rev="2">
<attrib name="1" value="1"/></item>
<item name="DIVIDE_BYPASS" rev="2">
<attrib name="TRUE" value="1"/></item>
<item name="I_INVERT" rev="2">
<attrib name="FALSE" value="1"/></item>
</group>
<group name="OLOGIC2_OUTFF">
<item name="CK0" rev="2">
<attrib name="CK0_INV" value="1"/><attrib name="CK0" value="0"/></item>
<item name="CK1" rev="2">
<attrib name="CK1_INV" value="0"/><attrib name="CK1" value="1"/></item>
<item name="DDR_ALIGNMENT" rev="2">
<attrib name="NONE" value="1"/></item>
<item name="OUTFFTYPE" rev="2">
<attrib name="DDR" value="1"/></item>
<item name="SRINIT_OQ" rev="2">
<attrib name="0" value="1"/></item>
<item name="SRTYPE_OQ" rev="2">
<attrib name="SYNC" value="1"/></item>
</group>
<group name="ILOGIC2">
<item name="CLK0" rev="2">
<attrib name="CLK0_INV" value="0"/><attrib name="CLK0" value="4"/></item>
</group>
<group name="DCM_DCM">
<item name="CLKDV_DIVIDE" rev="2">
<attrib name="10.0" value="1"/></item>
<item name="CLKIN_DIVIDE_BY_2" rev="2">
<attrib name="TRUE" value="1"/></item>
<item name="CLKOUT_PHASE_SHIFT" rev="2">
<attrib name="NONE" value="1"/></item>
<item name="CLK_FEEDBACK" rev="2">
<attrib name="2X" value="1"/></item>
<item name="DESKEW_ADJUST" rev="2">
<attrib name="5" value="1"/></item>
<item name="DFS_FREQUENCY_MODE" rev="2">
<attrib name="LOW" value="1"/></item>
<item name="DLL_FREQUENCY_MODE" rev="2">
<attrib name="LOW" value="1"/></item>
<item name="DSS_MODE" rev="2">
<attrib name="NONE" value="1"/></item>
<item name="DUTY_CYCLE_CORRECTION" rev="2">
<attrib name="TRUE" value="1"/></item>
<item name="PSCLK" rev="2">
<attrib name="PSCLK_INV" value="0"/><attrib name="PSCLK" value="1"/></item>
<item name="PSEN" rev="2">
<attrib name="PSEN_INV" value="0"/><attrib name="PSEN" value="1"/></item>
<item name="PSINCDEC" rev="2">
<attrib name="PSINCDEC" value="1"/><attrib name="PSINCDEC_INV" value="0"/></item>
<item name="RST" rev="2">
<attrib name="RST" value="1"/><attrib name="RST_INV" value="0"/></item>
<item name="STARTUP_WAIT" rev="2">
<attrib name="FALSE" value="1"/></item>
<item name="VERY_HIGH_FREQUENCY" rev="2">
<attrib name="FALSE" value="1"/></item>
</group>
<group name="FF_SR">
<item name="CK" rev="2">
<attrib name="CK" value="21"/><attrib name="CK_INV" value="0"/></item>
<item name="SRINIT" rev="2">
<attrib name="SRINIT0" value="21"/></item>
<item name="SYNC_ATTR" rev="2">
<attrib name="ASYNC" value="13"/><attrib name="SYNC" value="8"/></item>
</group>
<group name="DCM">
<item name="PSCLK" rev="2">
<attrib name="PSCLK_INV" value="0"/><attrib name="PSCLK" value="1"/></item>
<item name="PSEN" rev="2">
<attrib name="PSEN_INV" value="0"/><attrib name="PSEN" value="1"/></item>
<item name="PSINCDEC" rev="2">
<attrib name="PSINCDEC" value="1"/><attrib name="PSINCDEC_INV" value="0"/></item>
<item name="RST" rev="2">
<attrib name="RST" value="1"/><attrib name="RST_INV" value="0"/></item>
</group>
</ReportConfigData>
<ReportPinData TimeStamp="Tue Nov 22 19:32:05 2022"><group name="BUFIO2">
<item name="DIVCLK" rev="2">
<attrib name="value" value="1"/></item>
<item name="I" rev="2">
<attrib name="value" value="1"/></item>
</group>
<group name="DSP48A1">
<item name="A0" rev="2">
<attrib name="value" value="1"/></item>
<item name="A1" rev="2">
<attrib name="value" value="1"/></item>
<item name="A10" rev="2">
<attrib name="value" value="1"/></item>
<item name="A11" rev="2">
<attrib name="value" value="1"/></item>
<item name="A12" rev="2">
<attrib name="value" value="1"/></item>
<item name="A13" rev="2">
<attrib name="value" value="1"/></item>
<item name="A14" rev="2">
<attrib name="value" value="1"/></item>
<item name="A15" rev="2">
<attrib name="value" value="1"/></item>
<item name="A16" rev="2">
<attrib name="value" value="1"/></item>
<item name="A17" rev="2">
<attrib name="value" value="1"/></item>
<item name="A2" rev="2">
<attrib name="value" value="1"/></item>
<item name="A3" rev="2">
<attrib name="value" value="1"/></item>
<item name="A4" rev="2">
<attrib name="value" value="1"/></item>
<item name="A5" rev="2">
<attrib name="value" value="1"/></item>
<item name="A6" rev="2">
<attrib name="value" value="1"/></item>
<item name="A7" rev="2">
<attrib name="value" value="1"/></item>
<item name="A8" rev="2">
<attrib name="value" value="1"/></item>
<item name="A9" rev="2">
<attrib name="value" value="1"/></item>
<item name="B0" rev="2">
<attrib name="value" value="1"/></item>
<item name="B1" rev="2">
<attrib name="value" value="1"/></item>
<item name="B10" rev="2">
<attrib name="value" value="1"/></item>
<item name="B11" rev="2">
<attrib name="value" value="1"/></item>
<item name="B12" rev="2">
<attrib name="value" value="1"/></item>
<item name="B13" rev="2">
<attrib name="value" value="1"/></item>
<item name="B14" rev="2">
<attrib name="value" value="1"/></item>
<item name="B15" rev="2">
<attrib name="value" value="1"/></item>
<item name="B16" rev="2">
<attrib name="value" value="1"/></item>
<item name="B17" rev="2">
<attrib name="value" value="1"/></item>
<item name="B2" rev="2">
<attrib name="value" value="1"/></item>
<item name="B3" rev="2">
<attrib name="value" value="1"/></item>
<item name="B4" rev="2">
<attrib name="value" value="1"/></item>
<item name="B5" rev="2">
<attrib name="value" value="1"/></item>
<item name="B6" rev="2">
<attrib name="value" value="1"/></item>
<item name="B7" rev="2">
<attrib name="value" value="1"/></item>
<item name="B8" rev="2">
<attrib name="value" value="1"/></item>
<item name="B9" rev="2">
<attrib name="value" value="1"/></item>
<item name="C0" rev="2">
<attrib name="value" value="1"/></item>
<item name="C1" rev="2">
<attrib name="value" value="1"/></item>
<item name="C10" rev="2">
<attrib name="value" value="1"/></item>
<item name="C11" rev="2">
<attrib name="value" value="1"/></item>
<item name="C12" rev="2">
<attrib name="value" value="1"/></item>
<item name="C13" rev="2">
<attrib name="value" value="1"/></item>
<item name="C14" rev="2">
<attrib name="value" value="1"/></item>
<item name="C15" rev="2">
<attrib name="value" value="1"/></item>
<item name="C16" rev="2">
<attrib name="value" value="1"/></item>
<item name="C17" rev="2">
<attrib name="value" value="1"/></item>
<item name="C18" rev="2">
<attrib name="value" value="1"/></item>
<item name="C19" rev="2">
<attrib name="value" value="1"/></item>
<item name="C2" rev="2">
<attrib name="value" value="1"/></item>
<item name="C20" rev="2">
<attrib name="value" value="1"/></item>
<item name="C21" rev="2">
<attrib name="value" value="1"/></item>
<item name="C22" rev="2">
<attrib name="value" value="1"/></item>
<item name="C23" rev="2">
<attrib name="value" value="1"/></item>
<item name="C24" rev="2">
<attrib name="value" value="1"/></item>
<item name="C25" rev="2">
<attrib name="value" value="1"/></item>
<item name="C26" rev="2">
<attrib name="value" value="1"/></item>
<item name="C27" rev="2">
<attrib name="value" value="1"/></item>
<item name="C28" rev="2">
<attrib name="value" value="1"/></item>
<item name="C29" rev="2">
<attrib name="value" value="1"/></item>
<item name="C3" rev="2">
<attrib name="value" value="1"/></item>
<item name="C30" rev="2">
<attrib name="value" value="1"/></item>
<item name="C31" rev="2">
<attrib name="value" value="1"/></item>
<item name="C32" rev="2">
<attrib name="value" value="1"/></item>
<item name="C33" rev="2">
<attrib name="value" value="1"/></item>
<item name="C34" rev="2">
<attrib name="value" value="1"/></item>
<item name="C35" rev="2">
<attrib name="value" value="1"/></item>
<item name="C36" rev="2">
<attrib name="value" value="1"/></item>
<item name="C37" rev="2">
<attrib name="value" value="1"/></item>
<item name="C38" rev="2">
<attrib name="value" value="1"/></item>
<item name="C39" rev="2">
<attrib name="value" value="1"/></item>
<item name="C4" rev="2">
<attrib name="value" value="1"/></item>
<item name="C40" rev="2">
<attrib name="value" value="1"/></item>
<item name="C41" rev="2">
<attrib name="value" value="1"/></item>
<item name="C42" rev="2">
<attrib name="value" value="1"/></item>
<item name="C43" rev="2">
<attrib name="value" value="1"/></item>
<item name="C44" rev="2">
<attrib name="value" value="1"/></item>
<item name="C45" rev="2">
<attrib name="value" value="1"/></item>
<item name="C46" rev="2">
<attrib name="value" value="1"/></item>
<item name="C47" rev="2">
<attrib name="value" value="1"/></item>
<item name="C5" rev="2">
<attrib name="value" value="1"/></item>
<item name="C6" rev="2">
<attrib name="value" value="1"/></item>
<item name="C7" rev="2">
<attrib name="value" value="1"/></item>
<item name="C8" rev="2">
<attrib name="value" value="1"/></item>
<item name="C9" rev="2">
<attrib name="value" value="1"/></item>
<item name="CEA" rev="2">
<attrib name="value" value="1"/></item>
<item name="CEB" rev="2">
<attrib name="value" value="1"/></item>
<item name="CEC" rev="2">
<attrib name="value" value="1"/></item>
<item name="CECARRYIN" rev="2">
<attrib name="value" value="1"/></item>
<item name="CED" rev="2">
<attrib name="value" value="1"/></item>
<item name="CEM" rev="2">
<attrib name="value" value="1"/></item>
<item name="CEOPMODE" rev="2">
<attrib name="value" value="1"/></item>
<item name="CEP" rev="2">
<attrib name="value" value="1"/></item>
<item name="CLK" rev="2">
<attrib name="value" value="1"/></item>
<item name="D0" rev="2">
<attrib name="value" value="1"/></item>
<item name="D1" rev="2">
<attrib name="value" value="1"/></item>
<item name="D10" rev="2">
<attrib name="value" value="1"/></item>
<item name="D11" rev="2">
<attrib name="value" value="1"/></item>
<item name="D12" rev="2">
<attrib name="value" value="1"/></item>
<item name="D13" rev="2">
<attrib name="value" value="1"/></item>
<item name="D14" rev="2">
<attrib name="value" value="1"/></item>
<item name="D15" rev="2">
<attrib name="value" value="1"/></item>
<item name="D16" rev="2">
<attrib name="value" value="1"/></item>
<item name="D17" rev="2">
<attrib name="value" value="1"/></item>
<item name="D2" rev="2">
<attrib name="value" value="1"/></item>
<item name="D3" rev="2">
<attrib name="value" value="1"/></item>
<item name="D4" rev="2">
<attrib name="value" value="1"/></item>
<item name="D5" rev="2">
<attrib name="value" value="1"/></item>
<item name="D6" rev="2">
<attrib name="value" value="1"/></item>
<item name="D7" rev="2">
<attrib name="value" value="1"/></item>
<item name="D8" rev="2">
<attrib name="value" value="1"/></item>
<item name="D9" rev="2">
<attrib name="value" value="1"/></item>
<item name="M0" rev="2">
<attrib name="value" value="1"/></item>
<item name="M1" rev="2">
<attrib name="value" value="1"/></item>
<item name="M2" rev="2">
<attrib name="value" value="1"/></item>
<item name="M3" rev="2">
<attrib name="value" value="1"/></item>
<item name="M4" rev="2">
<attrib name="value" value="1"/></item>
<item name="M5" rev="2">
<attrib name="value" value="1"/></item>
<item name="M6" rev="2">
<attrib name="value" value="1"/></item>
<item name="M7" rev="2">
<attrib name="value" value="1"/></item>
<item name="OPMODE0" rev="2">
<attrib name="value" value="1"/></item>
<item name="OPMODE1" rev="2">
<attrib name="value" value="1"/></item>
<item name="OPMODE2" rev="2">
<attrib name="value" value="1"/></item>
<item name="OPMODE3" rev="2">
<attrib name="value" value="1"/></item>
<item name="OPMODE4" rev="2">
<attrib name="value" value="1"/></item>
<item name="OPMODE5" rev="2">
<attrib name="value" value="1"/></item>
<item name="OPMODE6" rev="2">
<attrib name="value" value="1"/></item>
<item name="OPMODE7" rev="2">
<attrib name="value" value="1"/></item>
<item name="RSTA" rev="2">
<attrib name="value" value="1"/></item>
<item name="RSTB" rev="2">
<attrib name="value" value="1"/></item>
<item name="RSTC" rev="2">
<attrib name="value" value="1"/></item>
<item name="RSTCARRYIN" rev="2">
<attrib name="value" value="1"/></item>
<item name="RSTD" rev="2">
<attrib name="value" value="1"/></item>
<item name="RSTM" rev="2">
<attrib name="value" value="1"/></item>
<item name="RSTOPMODE" rev="2">
<attrib name="value" value="1"/></item>
<item name="RSTP" rev="2">
<attrib name="value" value="1"/></item>
</group>
<group name="REG_SR">
<item name="CE" rev="2">
<attrib name="value" value="137"/></item>
<item name="CK" rev="2">
<attrib name="value" value="236"/></item>
<item name="D" rev="2">
<attrib name="value" value="236"/></item>
<item name="Q" rev="2">
<attrib name="value" value="236"/></item>
<item name="SR" rev="2">
<attrib name="value" value="52"/></item>
</group>
<group name="DSP48A1_DSP48A1">
<item name="A0" rev="2">
<attrib name="value" value="1"/></item>
<item name="A1" rev="2">
<attrib name="value" value="1"/></item>
<item name="A10" rev="2">
<attrib name="value" value="1"/></item>
<item name="A11" rev="2">
<attrib name="value" value="1"/></item>
<item name="A12" rev="2">
<attrib name="value" value="1"/></item>
<item name="A13" rev="2">
<attrib name="value" value="1"/></item>
<item name="A14" rev="2">
<attrib name="value" value="1"/></item>
<item name="A15" rev="2">
<attrib name="value" value="1"/></item>
<item name="A16" rev="2">
<attrib name="value" value="1"/></item>
<item name="A17" rev="2">
<attrib name="value" value="1"/></item>
<item name="A2" rev="2">
<attrib name="value" value="1"/></item>
<item name="A3" rev="2">
<attrib name="value" value="1"/></item>
<item name="A4" rev="2">
<attrib name="value" value="1"/></item>
<item name="A5" rev="2">
<attrib name="value" value="1"/></item>
<item name="A6" rev="2">
<attrib name="value" value="1"/></item>
<item name="A7" rev="2">
<attrib name="value" value="1"/></item>
<item name="A8" rev="2">
<attrib name="value" value="1"/></item>
<item name="A9" rev="2">
<attrib name="value" value="1"/></item>
<item name="B0" rev="2">
<attrib name="value" value="1"/></item>
<item name="B1" rev="2">
<attrib name="value" value="1"/></item>
<item name="B10" rev="2">
<attrib name="value" value="1"/></item>
<item name="B11" rev="2">
<attrib name="value" value="1"/></item>
<item name="B12" rev="2">
<attrib name="value" value="1"/></item>
<item name="B13" rev="2">
<attrib name="value" value="1"/></item>
<item name="B14" rev="2">
<attrib name="value" value="1"/></item>
<item name="B15" rev="2">
<attrib name="value" value="1"/></item>
<item name="B16" rev="2">
<attrib name="value" value="1"/></item>
<item name="B17" rev="2">
<attrib name="value" value="1"/></item>
<item name="B2" rev="2">
<attrib name="value" value="1"/></item>
<item name="B3" rev="2">
<attrib name="value" value="1"/></item>
<item name="B4" rev="2">
<attrib name="value" value="1"/></item>
<item name="B5" rev="2">
<attrib name="value" value="1"/></item>
<item name="B6" rev="2">
<attrib name="value" value="1"/></item>
<item name="B7" rev="2">
<attrib name="value" value="1"/></item>
<item name="B8" rev="2">
<attrib name="value" value="1"/></item>
<item name="B9" rev="2">
<attrib name="value" value="1"/></item>
<item name="C0" rev="2">
<attrib name="value" value="1"/></item>
<item name="C1" rev="2">
<attrib name="value" value="1"/></item>
<item name="C10" rev="2">
<attrib name="value" value="1"/></item>
<item name="C11" rev="2">
<attrib name="value" value="1"/></item>
<item name="C12" rev="2">
<attrib name="value" value="1"/></item>
<item name="C13" rev="2">
<attrib name="value" value="1"/></item>
<item name="C14" rev="2">
<attrib name="value" value="1"/></item>
<item name="C15" rev="2">
<attrib name="value" value="1"/></item>
<item name="C16" rev="2">
<attrib name="value" value="1"/></item>
<item name="C17" rev="2">
<attrib name="value" value="1"/></item>
<item name="C18" rev="2">
<attrib name="value" value="1"/></item>
<item name="C19" rev="2">
<attrib name="value" value="1"/></item>
<item name="C2" rev="2">
<attrib name="value" value="1"/></item>
<item name="C20" rev="2">
<attrib name="value" value="1"/></item>
<item name="C21" rev="2">
<attrib name="value" value="1"/></item>
<item name="C22" rev="2">
<attrib name="value" value="1"/></item>
<item name="C23" rev="2">
<attrib name="value" value="1"/></item>
<item name="C24" rev="2">
<attrib name="value" value="1"/></item>
<item name="C25" rev="2">
<attrib name="value" value="1"/></item>
<item name="C26" rev="2">
<attrib name="value" value="1"/></item>
<item name="C27" rev="2">
<attrib name="value" value="1"/></item>
<item name="C28" rev="2">
<attrib name="value" value="1"/></item>
<item name="C29" rev="2">
<attrib name="value" value="1"/></item>
<item name="C3" rev="2">
<attrib name="value" value="1"/></item>
<item name="C30" rev="2">
<attrib name="value" value="1"/></item>
<item name="C31" rev="2">
<attrib name="value" value="1"/></item>
<item name="C32" rev="2">
<attrib name="value" value="1"/></item>
<item name="C33" rev="2">
<attrib name="value" value="1"/></item>
<item name="C34" rev="2">
<attrib name="value" value="1"/></item>
<item name="C35" rev="2">
<attrib name="value" value="1"/></item>
<item name="C36" rev="2">
<attrib name="value" value="1"/></item>
<item name="C37" rev="2">
<attrib name="value" value="1"/></item>
<item name="C38" rev="2">
<attrib name="value" value="1"/></item>
<item name="C39" rev="2">
<attrib name="value" value="1"/></item>
<item name="C4" rev="2">
<attrib name="value" value="1"/></item>
<item name="C40" rev="2">
<attrib name="value" value="1"/></item>
<item name="C41" rev="2">
<attrib name="value" value="1"/></item>
<item name="C42" rev="2">
<attrib name="value" value="1"/></item>
<item name="C43" rev="2">
<attrib name="value" value="1"/></item>
<item name="C44" rev="2">
<attrib name="value" value="1"/></item>
<item name="C45" rev="2">
<attrib name="value" value="1"/></item>
<item name="C46" rev="2">
<attrib name="value" value="1"/></item>
<item name="C47" rev="2">
<attrib name="value" value="1"/></item>
<item name="C5" rev="2">
<attrib name="value" value="1"/></item>
<item name="C6" rev="2">
<attrib name="value" value="1"/></item>
<item name="C7" rev="2">
<attrib name="value" value="1"/></item>
<item name="C8" rev="2">
<attrib name="value" value="1"/></item>
<item name="C9" rev="2">
<attrib name="value" value="1"/></item>
<item name="CEA" rev="2">
<attrib name="value" value="1"/></item>
<item name="CEB" rev="2">
<attrib name="value" value="1"/></item>
<item name="CEC" rev="2">
<attrib name="value" value="1"/></item>
<item name="CECARRYIN" rev="2">
<attrib name="value" value="1"/></item>
<item name="CED" rev="2">
<attrib name="value" value="1"/></item>
<item name="CEM" rev="2">
<attrib name="value" value="1"/></item>
<item name="CEOPMODE" rev="2">
<attrib name="value" value="1"/></item>
<item name="CEP" rev="2">
<attrib name="value" value="1"/></item>
<item name="CLK" rev="2">
<attrib name="value" value="1"/></item>
<item name="D0" rev="2">
<attrib name="value" value="1"/></item>
<item name="D1" rev="2">
<attrib name="value" value="1"/></item>
<item name="D10" rev="2">
<attrib name="value" value="1"/></item>
<item name="D11" rev="2">
<attrib name="value" value="1"/></item>
<item name="D12" rev="2">
<attrib name="value" value="1"/></item>
<item name="D13" rev="2">
<attrib name="value" value="1"/></item>
<item name="D14" rev="2">
<attrib name="value" value="1"/></item>
<item name="D15" rev="2">
<attrib name="value" value="1"/></item>
<item name="D16" rev="2">
<attrib name="value" value="1"/></item>
<item name="D17" rev="2">
<attrib name="value" value="1"/></item>
<item name="D2" rev="2">
<attrib name="value" value="1"/></item>
<item name="D3" rev="2">
<attrib name="value" value="1"/></item>
<item name="D4" rev="2">
<attrib name="value" value="1"/></item>
<item name="D5" rev="2">
<attrib name="value" value="1"/></item>
<item name="D6" rev="2">
<attrib name="value" value="1"/></item>
<item name="D7" rev="2">
<attrib name="value" value="1"/></item>
<item name="D8" rev="2">
<attrib name="value" value="1"/></item>
<item name="D9" rev="2">
<attrib name="value" value="1"/></item>
<item name="M0" rev="2">
<attrib name="value" value="1"/></item>
<item name="M1" rev="2">
<attrib name="value" value="1"/></item>
<item name="M2" rev="2">
<attrib name="value" value="1"/></item>
<item name="M3" rev="2">
<attrib name="value" value="1"/></item>
<item name="M4" rev="2">
<attrib name="value" value="1"/></item>
<item name="M5" rev="2">
<attrib name="value" value="1"/></item>
<item name="M6" rev="2">
<attrib name="value" value="1"/></item>
<item name="M7" rev="2">
<attrib name="value" value="1"/></item>
<item name="OPMODE0" rev="2">
<attrib name="value" value="1"/></item>
<item name="OPMODE1" rev="2">
<attrib name="value" value="1"/></item>
<item name="OPMODE2" rev="2">
<attrib name="value" value="1"/></item>
<item name="OPMODE3" rev="2">
<attrib name="value" value="1"/></item>
<item name="OPMODE4" rev="2">
<attrib name="value" value="1"/></item>
<item name="OPMODE5" rev="2">
<attrib name="value" value="1"/></item>
<item name="OPMODE6" rev="2">
<attrib name="value" value="1"/></item>
<item name="OPMODE7" rev="2">
<attrib name="value" value="1"/></item>
<item name="RSTA" rev="2">
<attrib name="value" value="1"/></item>
<item name="RSTB" rev="2">
<attrib name="value" value="1"/></item>
<item name="RSTC" rev="2">
<attrib name="value" value="1"/></item>
<item name="RSTCARRYIN" rev="2">
<attrib name="value" value="1"/></item>
<item name="RSTD" rev="2">
<attrib name="value" value="1"/></item>
<item name="RSTM" rev="2">
<attrib name="value" value="1"/></item>
<item name="RSTOPMODE" rev="2">
<attrib name="value" value="1"/></item>
<item name="RSTP" rev="2">
<attrib name="value" value="1"/></item>
</group>
<group name="SLICEL">
<item name="A" rev="2">
<attrib name="value" value="2"/></item>
<item name="A1" rev="2">
<attrib name="value" value="2"/></item>
<item name="A2" rev="2">
<attrib name="value" value="2"/></item>
<item name="A3" rev="2">
<attrib name="value" value="3"/></item>
<item name="A4" rev="2">
<attrib name="value" value="14"/></item>
<item name="A5" rev="2">
<attrib name="value" value="4"/></item>
<item name="A6" rev="2">
<attrib name="value" value="13"/></item>
<item name="AQ" rev="2">
<attrib name="value" value="15"/></item>
<item name="AX" rev="2">
<attrib name="value" value="5"/></item>
<item name="B" rev="2">
<attrib name="value" value="6"/></item>
<item name="B2" rev="2">
<attrib name="value" value="4"/></item>
<item name="B3" rev="2">
<attrib name="value" value="6"/></item>
<item name="B4" rev="2">
<attrib name="value" value="17"/></item>
<item name="B5" rev="2">
<attrib name="value" value="8"/></item>
<item name="B6" rev="2">
<attrib name="value" value="16"/></item>
<item name="BMUX" rev="2">
<attrib name="value" value="3"/></item>
<item name="BQ" rev="2">
<attrib name="value" value="14"/></item>
<item name="BX" rev="2">
<attrib name="value" value="5"/></item>
<item name="C1" rev="2">
<attrib name="value" value="3"/></item>
<item name="C2" rev="2">
<attrib name="value" value="3"/></item>
<item name="C3" rev="2">
<attrib name="value" value="8"/></item>
<item name="C4" rev="2">
<attrib name="value" value="18"/></item>
<item name="C5" rev="2">
<attrib name="value" value="10"/></item>
<item name="C6" rev="2">
<attrib name="value" value="17"/></item>
<item name="CE" rev="2">
<attrib name="value" value="5"/></item>
<item name="CIN" rev="2">
<attrib name="value" value="8"/></item>
<item name="CLK" rev="2">
<attrib name="value" value="15"/></item>
<item name="CMUX" rev="2">
<attrib name="value" value="8"/></item>
<item name="COUT" rev="2">
<attrib name="value" value="8"/></item>
<item name="CQ" rev="2">
<attrib name="value" value="13"/></item>
<item name="CX" rev="2">
<attrib name="value" value="10"/></item>
<item name="D3" rev="2">
<attrib name="value" value="8"/></item>
<item name="D4" rev="2">
<attrib name="value" value="17"/></item>
<item name="D5" rev="2">
<attrib name="value" value="10"/></item>
<item name="D6" rev="2">
<attrib name="value" value="17"/></item>
<item name="DQ" rev="2">
<attrib name="value" value="12"/></item>
<item name="DX" rev="2">
<attrib name="value" value="4"/></item>
<item name="SR" rev="2">
<attrib name="value" value="4"/></item>
</group>
<group name="IOB_OUTBUF">
<item name="IN" rev="2">
<attrib name="value" value="48"/></item>
<item name="OUT" rev="2">
<attrib name="value" value="48"/></item>
<item name="TRI" rev="2">
<attrib name="value" value="12"/></item>
</group>
<group name="SLICEX">
<item name="A" rev="2">
<attrib name="value" value="22"/></item>
<item name="A1" rev="2">
<attrib name="value" value="11"/></item>
<item name="A2" rev="2">
<attrib name="value" value="19"/></item>
<item name="A3" rev="2">
<attrib name="value" value="23"/></item>
<item name="A4" rev="2">
<attrib name="value" value="32"/></item>
<item name="A5" rev="2">
<attrib name="value" value="38"/></item>
<item name="A6" rev="2">
<attrib name="value" value="43"/></item>
<item name="AMUX" rev="2">
<attrib name="value" value="9"/></item>
<item name="AQ" rev="2">
<attrib name="value" value="53"/></item>
<item name="AX" rev="2">
<attrib name="value" value="30"/></item>
<item name="B" rev="2">
<attrib name="value" value="19"/></item>
<item name="B1" rev="2">
<attrib name="value" value="9"/></item>
<item name="B2" rev="2">
<attrib name="value" value="15"/></item>
<item name="B3" rev="2">
<attrib name="value" value="17"/></item>
<item name="B4" rev="2">
<attrib name="value" value="31"/></item>
<item name="B5" rev="2">
<attrib name="value" value="40"/></item>
<item name="B6" rev="2">
<attrib name="value" value="42"/></item>
<item name="BMUX" rev="2">
<attrib name="value" value="8"/></item>
<item name="BQ" rev="2">
<attrib name="value" value="46"/></item>
<item name="BX" rev="2">
<attrib name="value" value="22"/></item>
<item name="C" rev="2">
<attrib name="value" value="18"/></item>
<item name="C1" rev="2">
<attrib name="value" value="9"/></item>
<item name="C2" rev="2">
<attrib name="value" value="15"/></item>
<item name="C3" rev="2">
<attrib name="value" value="17"/></item>
<item name="C4" rev="2">
<attrib name="value" value="31"/></item>
<item name="C5" rev="2">
<attrib name="value" value="36"/></item>
<item name="C6" rev="2">
<attrib name="value" value="37"/></item>
<item name="CE" rev="2">
<attrib name="value" value="36"/></item>
<item name="CLK" rev="2">
<attrib name="value" value="67"/></item>
<item name="CMUX" rev="2">
<attrib name="value" value="6"/></item>
<item name="CQ" rev="2">
<attrib name="value" value="43"/></item>
<item name="CX" rev="2">
<attrib name="value" value="23"/></item>
<item name="D" rev="2">
<attrib name="value" value="23"/></item>
<item name="D1" rev="2">
<attrib name="value" value="8"/></item>
<item name="D2" rev="2">
<attrib name="value" value="13"/></item>
<item name="D3" rev="2">
<attrib name="value" value="20"/></item>
<item name="D4" rev="2">
<attrib name="value" value="33"/></item>
<item name="D5" rev="2">
<attrib name="value" value="37"/></item>
<item name="D6" rev="2">
<attrib name="value" value="42"/></item>
<item name="DMUX" rev="2">
<attrib name="value" value="10"/></item>
<item name="DQ" rev="2">
<attrib name="value" value="40"/></item>
<item name="DX" rev="2">
<attrib name="value" value="20"/></item>
<item name="SR" rev="2">
<attrib name="value" value="19"/></item>
</group>
<group name="BUFG_BUFG">
<item name="I0" rev="2">
<attrib name="value" value="7"/></item>
<item name="O" rev="2">
<attrib name="value" value="7"/></item>
</group>
<group name="PULL_OR_KEEP1">
<item name="PAD" rev="2">
<attrib name="value" value="4"/></item>
</group>
<group name="ILOGIC2_IFF">
<item name="CLK0" rev="2">
<attrib name="value" value="4"/></item>
<item name="D" rev="2">
<attrib name="value" value="4"/></item>
<item name="Q1" rev="2">
<attrib name="value" value="4"/></item>
</group>
<group name="PAD">
<item name="PAD" rev="2">
<attrib name="value" value="70"/></item>
</group>
<group name="BUFIO2FB">
<item name="I" rev="2">
<attrib name="value" value="1"/></item>
<item name="O" rev="2">
<attrib name="value" value="1"/></item>
</group>
<group name="BUFIO2FB_BUFIO2FB">
<item name="I" rev="2">
<attrib name="value" value="1"/></item>
<item name="O" rev="2">
<attrib name="value" value="1"/></item>
</group>
<group name="IOB_INBUF">
<item name="OUT" rev="2">
<attrib name="value" value="30"/></item>
<item name="PAD" rev="2">
<attrib name="value" value="30"/></item>
</group>
<group name="OLOGIC2">
<item name="CLK0" rev="2">
<attrib name="value" value="1"/></item>
<item name="CLK1" rev="2">
<attrib name="value" value="1"/></item>
<item name="D1" rev="2">
<attrib name="value" value="1"/></item>
<item name="D2" rev="2">
<attrib name="value" value="1"/></item>
<item name="OCE" rev="2">
<attrib name="value" value="1"/></item>
<item name="OQ" rev="2">
<attrib name="value" value="1"/></item>
<item name="SR" rev="2">
<attrib name="value" value="1"/></item>
</group>
<group name="CARRY4">
<item name="CIN" rev="2">
<attrib name="value" value="8"/></item>
<item name="CO3" rev="2">
<attrib name="value" value="8"/></item>
<item name="CYINIT" rev="2">
<attrib name="value" value="4"/></item>
<item name="DI0" rev="2">
<attrib name="value" value="11"/></item>
<item name="DI1" rev="2">
<attrib name="value" value="10"/></item>
<item name="DI2" rev="2">
<attrib name="value" value="9"/></item>
<item name="DI3" rev="2">
<attrib name="value" value="8"/></item>
<item name="O0" rev="2">
<attrib name="value" value="12"/></item>
<item name="O1" rev="2">
<attrib name="value" value="11"/></item>
<item name="O2" rev="2">
<attrib name="value" value="10"/></item>
<item name="O3" rev="2">
<attrib name="value" value="9"/></item>
<item name="S0" rev="2">
<attrib name="value" value="12"/></item>
<item name="S1" rev="2">
<attrib name="value" value="11"/></item>
<item name="S2" rev="2">
<attrib name="value" value="10"/></item>
<item name="S3" rev="2">
<attrib name="value" value="9"/></item>
</group>
<group name="BUFIO2_BUFIO2">
<item name="DIVCLK" rev="2">
<attrib name="value" value="1"/></item>
<item name="I" rev="2">
<attrib name="value" value="1"/></item>
</group>
<group name="OLOGIC2_OUTFF">
<item name="CE" rev="2">
<attrib name="value" value="1"/></item>
<item name="CK0" rev="2">
<attrib name="value" value="1"/></item>
<item name="CK1" rev="2">
<attrib name="value" value="1"/></item>
<item name="D1" rev="2">
<attrib name="value" value="1"/></item>
<item name="D2" rev="2">
<attrib name="value" value="1"/></item>
<item name="Q" rev="2">
<attrib name="value" value="1"/></item>
<item name="SR" rev="2">
<attrib name="value" value="1"/></item>
</group>
<group name="LUT5">
<item name="A1" rev="2">
<attrib name="value" value="13"/></item>
<item name="A2" rev="2">
<attrib name="value" value="24"/></item>
<item name="A3" rev="2">
<attrib name="value" value="26"/></item>
<item name="A4" rev="2">
<attrib name="value" value="26"/></item>
<item name="A5" rev="2">
<attrib name="value" value="26"/></item>
<item name="O5" rev="2">
<attrib name="value" value="71"/></item>
</group>
<group name="LUT6">
<item name="A1" rev="2">
<attrib name="value" value="32"/></item>
<item name="A2" rev="2">
<attrib name="value" value="68"/></item>
<item name="A3" rev="2">
<attrib name="value" value="100"/></item>
<item name="A4" rev="2">
<attrib name="value" value="190"/></item>
<item name="A5" rev="2">
<attrib name="value" value="182"/></item>
<item name="A6" rev="2">
<attrib name="value" value="227"/></item>
<item name="O6" rev="2">
<attrib name="value" value="230"/></item>
</group>
<group name="STARTUP_STARTUP">
<item name="CLK" rev="2">
<attrib name="value" value="1"/></item>
<item name="GSR" rev="2">
<attrib name="value" value="1"/></item>
<item name="GTS" rev="2">
<attrib name="value" value="1"/></item>
<item name="KEYCLEARB" rev="2">
<attrib name="value" value="1"/></item>
</group>
<group name="SELMUX2_1">
<item name="0" rev="2">
<attrib name="value" value="12"/></item>
<item name="1" rev="2">
<attrib name="value" value="8"/></item>
<item name="OUT" rev="2">
<attrib name="value" value="12"/></item>
<item name="S0" rev="2">
<attrib name="value" value="12"/></item>
</group>
<group name="STARTUP">
<item name="CLK" rev="2">
<attrib name="value" value="1"/></item>
<item name="GSR" rev="2">
<attrib name="value" value="1"/></item>
<item name="GTS" rev="2">
<attrib name="value" value="1"/></item>
<item name="KEYCLEARB" rev="2">
<attrib name="value" value="1"/></item>
</group>
<group name="INVERTER">
<item name="IN" rev="2">
<attrib name="value" value="1"/></item>
<item name="OUT" rev="2">
<attrib name="value" value="1"/></item>
</group>
<group name="IOB_IMUX">
<item name="I" rev="2">
<attrib name="value" value="29"/></item>
<item name="I_B" rev="2">
<attrib name="value" value="1"/></item>
<item name="OUT" rev="2">
<attrib name="value" value="30"/></item>
</group>
<group name="ILOGIC2">
<item name="CLK0" rev="2">
<attrib name="value" value="4"/></item>
<item name="D" rev="2">
<attrib name="value" value="4"/></item>
<item name="Q4" rev="2">
<attrib name="value" value="4"/></item>
</group>
<group name="IOB">
<item name="I" rev="2">
<attrib name="value" value="30"/></item>
<item name="O" rev="2">
<attrib name="value" value="48"/></item>
<item name="PAD" rev="2">
<attrib name="value" value="70"/></item>
<item name="T" rev="2">
<attrib name="value" value="12"/></item>
</group>
<group name="DCM_DCM">
<item name="CLK2X" rev="2">
<attrib name="value" value="1"/></item>
<item name="CLKFB" rev="2">
<attrib name="value" value="1"/></item>
<item name="CLKFX" rev="2">
<attrib name="value" value="1"/></item>
<item name="CLKIN" rev="2">
<attrib name="value" value="1"/></item>
<item name="LOCKED" rev="2">
<attrib name="value" value="1"/></item>
<item name="PSCLK" rev="2">
<attrib name="value" value="1"/></item>
<item name="PSEN" rev="2">
<attrib name="value" value="1"/></item>
<item name="PSINCDEC" rev="2">
<attrib name="value" value="1"/></item>
<item name="RST" rev="2">
<attrib name="value" value="1"/></item>
</group>
<group name="HARD0">
<item name="0" rev="2">
<attrib name="value" value="7"/></item>
</group>
<group name="FF_SR">
<item name="CE" rev="2">
<attrib name="value" value="11"/></item>
<item name="CK" rev="2">
<attrib name="value" value="21"/></item>
<item name="D" rev="2">
<attrib name="value" value="21"/></item>
<item name="Q" rev="2">
<attrib name="value" value="21"/></item>
<item name="SR" rev="2">
<attrib name="value" value="20"/></item>
</group>
<group name="BUFG">
<item name="I0" rev="2">
<attrib name="value" value="7"/></item>
<item name="O" rev="2">
<attrib name="value" value="7"/></item>
</group>
<group name="DCM">
<item name="CLK2X" rev="2">
<attrib name="value" value="1"/></item>
<item name="CLKFB" rev="2">
<attrib name="value" value="1"/></item>
<item name="CLKFX" rev="2">
<attrib name="value" value="1"/></item>
<item name="CLKIN" rev="2">
<attrib name="value" value="1"/></item>
<item name="LOCKED" rev="2">
<attrib name="value" value="1"/></item>
<item name="PSCLK" rev="2">
<attrib name="value" value="1"/></item>
<item name="PSEN" rev="2">
<attrib name="value" value="1"/></item>
<item name="PSINCDEC" rev="2">
<attrib name="value" value="1"/></item>
<item name="RST" rev="2">
<attrib name="value" value="1"/></item>
</group>
</ReportPinData>
<CmdHistory>
</CmdHistory>
</DeviceUsageSummary>
